6,-0.002684788,-0.005591439,-0.007559014,-0.005760246,-0.00477232,-0.004754095,-0.003785759,-0.003822064,-0.004320419,-0.005368432,-0.005845196,-0.003600686,-0.001311742,0.001212979,0.0002714279,-0.00353002,-0.002072465,-0.002115704,-0.003695604,-0.001168182,-0.0006232598,0.0007461047,0.001707391,-6.721616e-05,0.001467775,0.002115829,0.004245924,0.008663359,0.006622096,0.003638121,0.003003428,0.003007473,0.005565972,0.00667759,0.005948047,0.005423161,0.005221126,0.007726141,0.01027342,0.009529683,0.009190826,0.01153106,0.01270776,0.01110768,0.009601863,0.01052399,0.01586066,0.02090803,0.01807944,0.01472553,0.01782371,0.01888809,0.01746369,0.01773991,0.01505376,0.01421809,0.01860032,0.02136003,0.02294444,0.0231155,0.0229435,0.02657462,0.0298253,0.02889052,0.02371754,0.01871593,0.01814623,0.01807528,0.01576871,0.01315207,0.01337822,0.01771968,0.02177617,0.0192171,0.01522861,0.01710134,0.01563506,0.01252909,0.01660003,0.01889784,0.020419,0.02695914,0.02940479,0.02160073,0.01386338,0.01658104,0.01734724,0.01181241,0.008555937,0.003225325,0.002740364,0.007674913,0.005887296,0.005522072,0.006931038,0.006976408,0.01036721,0.009103124,0.007042469,0.007970675,0.0049708,0.005119568,0.007499193,0.006724677,0.006562558,0.006084077,0.005841783,0.00536819,0.003274003,0.002218441,0.003422424,0.005362772,0.004132786,0.001993936,0.0007676714,-0.001596247,-0.001215743,-0.0005694773,-0.002059729,-0.001522453,-0.001749042,-0.002845766,-0.004518152,-0.009587734,-0.01203258,-0.009292192,-0.007113639,-0.006051862
1,0.01085412,-0.0523532,-0.2088766,-0.2421099,-0.2080599,-0.2047152,-0.2200988,-0.2038222,-0.179796,-0.1509067,-0.09824792,-0.0930655,-0.08760592,-0.05365383,-0.00591061,0.06258042,0.09075341,0.1042723,0.1041522,0.1228011,0.2245643,0.3358425,0.3479078,0.05383568,-0.3431707,-0.3016679,-0.0166999,0.0721482,-0.01327613,-0.1453156,-0.1575281,-0.0725196,-0.05765487,-0.08010856,-0.1119024,-0.09796173,-0.04464362,-0.04497956,-0.03202685,-0.01728567,0.01073841,0.04546841,-0.007427864,-0.04933058,-0.07598475,-0.06424979,0.02412239,0.08256904,0.1763455,0.2519099,0.2455771,0.2376986,0.2014503,0.2103073,0.214124,0.1014103,-0.03833402,-0.127194,-0.0648285,0.08764396,0.1966661,0.2309982,0.1630019,0.1141472,0.009689766,-0.2050852,-0.2968596,-0.3307567,-0.33955,-0.2977918,-0.2980296,-0.207529,-0.1070229,-0.096981,-0.05172883,-0.01209422,0.05780136,0.22221,0.3439805,0.2791501,0.1839675,0.2167441,0.1761777,0.1421502,0.1477442,-0.09442104,-0.2617029,-0.04892391,0.1167707,-0.07538326,-0.2839027,-0.2372227,-0.1812953,-0.1293222,-0.07282784,-0.1510464,-0.179561,-0.1685945,-0.1266946,-0.0009187569,0.02089567,0.02497251,0.06203613,0.04711243,0.02380769,0.001948214,0.07347128,0.1883335,0.2074956,0.1943032,0.1598141,0.04749708,-0.05369563,0.02606444,0.2528084,0.4104711,0.3543961,0.1569701,0.01167464,-0.1243178,-0.2772867,-0.3019416,-0.2765107,-0.298754,-0.3208285,-0.2794122,-0.2002202,-0.1493016
1,0.01688191,0.0175525,-0.005601279,0.02059918,0.05939648,0.1219543,0.2192954,0.3187436,0.3601472,0.2205006,-0.04774381,-0.1740763,0.03444989,0.3327166,0.3404814,0.1168573,-0.1043034,-0.1701549,-0.1281188,-0.18882,-0.2419884,-0.2134787,-0.248674,-0.2703787,-0.2671009,-0.2296566,-0.09137945,-0.003445678,-0.003745771,-0.01405641,0.03618744,0.1974752,0.3345186,0.3321803,0.2969171,0.3491023,0.3333118,0.1040835,-0.222434,-0.4010181,-0.2568356,-0.04150569,0.0746054,0.08415849,-0.1534565,-0.3018127,-0.214157,-0.1197288,-0.01933102,-0.08859311,-0.2166192,-0.181911,-0.08515998,0.05916154,0.07537296,0.0164675,0.05347961,0.02542042,0.01399209,0.0414153,0.01870961,0.08632524,0.2207609,0.3389384,0.3744095,0.217236,-0.0176092,-0.09371584,0.08027234,0.2747988,0.2359017,0.08809262,-0.06244498,-0.1886671,-0.1921679,-0.1985278,-0.247022,-0.244302,-0.2666476,-0.2778025,-0.2373335,-0.1788341,-0.05863943,0.01538995,-0.04919056,-0.07220402,0.103304,0.2752542,0.2479388,0.2593119,0.4155192,0.4694923,0.2695857,-0.1288812,-0.3922175,-0.3099796,-0.1328202,-0.04786754,-0.0662516,-0.135667,-0.1306087,-0.1177032,-0.1279397,-0.09765587,-0.1017243,-0.1003116,-0.07697439,-0.06210898,0.004596358,0.02103982,-0.008914516,0.00353742,-0.01506097,-0.02750729,0.02131751,0.1300911,0.2590625,0.3018088,0.3041769,0.2767339,0.1201138,-0.05531264,-0.06198069,0.1185212,0.2773863,0.2066917,0.06170895,-0.04634672
5,0.004546808,0.005582238,0.005567918,0.004692207,0.005395716,0.002964447,0.001742723,0.002246356,0.002135297,0.00220679,0.001537788,0.001209693,0.0003560541,0.0009564739,0.00282763,0.00333403,0.005615862,0.005884736,0.002316279,0.0008384634,0.00198069,0.003225951,0.002133584,0.0002402932,-0.000537507,-0.0007135663,0.001025826,0.002869371,0.00378242,0.00397725,0.003715482,0.004955339,0.004021486,0.002247177,0.003095355,0.001335262,-0.0006894722,0.0002363189,0.0002658881,-0.0006952353,-0.002916906,-0.005741222,-0.005660835,-0.004532538,-0.006005912,-0.005824949,-0.001685487,0.0007835406,0.001513508,0.001908138,-0.0002278637,-0.002875877,-0.002302866,-0.0002955887,-0.000962946,-0.001740836,-0.001803453,-0.001790737,-3.680337e-05,-0.001059484,-0.002803682,-0.00135526,0.000935014,0.003125747,0.00146792,-0.0005411017,-0.0005357405,-0.001566001,-0.0004433566,-0.0006433089,-0.001292664,0.0006982062,0.0006475545,0.001490478,0.001850792,-0.0009975976,-0.002651645,-0.00176905,0.0001105789,-0.0006897185,-0.0004694584,0.001762864,0.0008360198,0.0002911265,-0.0009209047,-0.002840209,-0.003580503,-0.006636146,-0.006876046,-0.005301953,-0.005485161,-0.002489421,-0.0001040968,0.0001903377,0.0006188006,-0.001902651,-0.003966979,-0.001704598,0.0005405893,-0.0005614163,-0.001205299,-0.0008136424,-0.002295016,-0.001887971,-0.0003208907,-0.0001546114,0.001679127,0.002974296,0.00288517,0.004200481,0.005838682,0.005734333,0.004831575,0.00525821,0.003145612,-0.001875752,-0.003810104,-0.002443338,0.0006909837,0.003573447,0.003890665,0.002505318,0.002046051,0.001776242,-0.005106479,-0.01833889,-0.02799462,-0.02536579
4,0.003119009,0.005883798,0.006020988,0.0001635074,-0.005592616,-0.0034436,-0.001563404,-0.002603263,-0.002249742,-0.006561155,-0.009862492,-0.002801218,0.001908527,-0.001701995,-0.00332231,-0.001887527,-0.001410923,-0.001587418,-0.00148867,-0.0006367359,0.0001191209,-6.03301e-05,-0.0003169293,-8.452391e-06,0.0001356309,0.0007004238,0.001549856,0.000168542,-0.002314312,-0.002878822,-0.00102293,0.0008419942,0.0001249589,0.0005103488,0.004926918,0.007810341,0.004409493,-0.0004891907,-0.000361794,0.0008206278,-2.864145e-05,0.001135701,0.001895464,0.0005095686,-0.0003656906,-0.001664651,-0.002899369,-0.002445788,-0.0006368205,0.0002675569,0.0008736427,0.004626353,0.006431261,0.002031881,-0.001283375,-0.001837458,-0.009766903,-0.0202493,-0.02043162,-0.02792376,-0.03943472,-0.01463448,0.01247625,-0.007141556,-0.01846481,0.004385226,0.01160946,0.004119606,0.003764009,0.003977125,0.0006945114,-0.003844514,-0.001774449,0.00106607,-0.001726385,-1.093266e-05,0.002703468,0.003338462,0.002807518,-4.838911e-05,0.002755549,0.004927479,0.001030191,-0.00109725,-0.001713457,0.0001368692,0.002496084,0.001836364,0.001914557,0.00154938,0.0008046911,0.0007642137,-0.001045896,-0.001429661,0.0009401651,0.002149557,0.0015443,0.0005514981,0.0001519691,0.0003292304,0.0002353778,-0.0004914476,-0.000931612,0.0007401917,0.002615084,0.001911203,0.0007447734,-0.001388338,-0.004438669,-0.002088439,0.002493761,0.002153785,0.001562389,0.002278011,0.001709755,0.002013204,0.002232346,0.002640244,0.003827466,0.003146117,0.002242111,0.00153244,0.0001126032,-0.0002532461,0.0007083562,0.001867532,0.001937526,0.00189977
2,0.01426641,0.1182468,0.1550822,0.1883452,0.2103342,0.2945024,0.3615715,0.2612432,0.1251714,0.07142573,-0.01631659,-0.1388898,-0.1481301,-0.1791834,-0.2848493,-0.3160917,-0.3162397,-0.2760814,-0.2377734,-0.2683123,-0.2746158,-0.2823707,-0.3087837,-0.3294936,-0.3192982,-0.2527786,-0.2172996,-0.2092334,-0.1310802,0.04375065,0.1521064,0.1119843,0.1434493,0.248246,0.3512877,0.4416461,0.2627072,-0.1272903,-0.300898,-0.09567197,0.1186168,-0.02796094,-0.1404913,-0.06527247,-0.1433387,-0.1853462,-0.1810147,-0.2179035,-0.1606299,-0.1950949,-0.2424362,-0.2507841,-0.3037622,-0.2523298,-0.213847,-0.1203532,0.03089191,0.02282603,0.08934302,0.2076462,0.2281776,0.2875364,0.309499,0.2862839,0.269275,0.1437908,0.0106966,0.01515366,0.01248709,-0.02787228,-0.03287556,-0.1264873,-0.2332196,-0.2225701,-0.2031074,-0.145487,-0.05926917,-0.1072648,-0.2527145,-0.3730362,-0.3856418,-0.2648868,-0.1322065,-0.07675004,-0.08142438,-0.0748473,-0.002527619,0.07599491,0.2095434,0.3457283,0.3703224,0.5693793,0.7268795,0.2941109,-0.2760539,-0.3643023,-0.09447771,0.08506253,0.00555057,-0.06198487,-0.07655517,-0.1416988,-0.1520918,-0.1581485,-0.1796331,-0.1626127,-0.1709922,-0.1683267,-0.1543552,-0.1666323,-0.1503302,-0.120835,-0.07704818,-0.0002444434,0.09549492,0.1987517,0.2562907,0.277436,0.2782936,0.2788845,0.3050298,0.2676118,0.1760971,0.09919847,0.0517706,0.03982712,0.01572488,0.02306226
6,-0.001879164,-0.0003390308,0.001136055,0.003233169,0.002661795,0.000236163,0.002164973,0.003191222,0.001476892,5.466851e-05,-0.0005336228,0.001703394,0.001985388,0.001008085,0.002114189,0.001179622,0.0004425298,-0.0005712193,-0.001974821,-0.0007293415,-0.001124415,-0.001448035,-0.0005906923,-0.0005433819,0.0006404771,0.0002226838,-0.001031154,-0.001107272,-0.001384919,-0.0009821442,-0.001128639,-0.0007982712,0.001732703,0.003508819,0.002094513,-0.001170325,-0.002529669,-0.002428853,-0.001864434,-0.0006478244,-0.001187078,-0.001485211,-0.0004958978,0.0007655693,0.00392846,0.004539457,0.0002307664,-0.003241097,-0.002889101,-0.0004205429,0.00249634,0.00549639,0.005833754,0.005023504,0.005799354,0.002868453,-0.0006430321,0.0001827213,0.0004908673,0.0009274791,0.00208975,0.002402059,0.003104637,0.002476164,4.33775e-05,-0.002038371,-0.001098264,0.001979573,0.003316974,0.003593346,0.005173009,0.007584943,0.00592745,-0.0003294865,-0.006149604,-0.009164429,-0.004091596,0.003005514,0.001240048,-0.000478117,0.0006837446,0.001063248,0.00317698,0.001810579,-0.0008206881,-0.0005867224,-0.003043773,-0.005401191,-0.004069758,-0.001634267,-0.0006004982,-0.002416961,-0.004949716,-0.00572289,-0.002575651,0.001958238,0.001702648,0.0003681856,0.0007173821,-0.00103906,-0.001492605,-0.001943108,-0.004646876,-0.002904853,-0.00158259,-0.002670425,-0.001131611,-0.00208503,-0.002311041,-0.001486877,-0.004303552,-0.00492557,-0.004484279,-0.003605035,-0.001736133,-0.001688001,-0.0007085263,-5.483926e-05,0.0004968877,0.001073796,-0.000888958,-0.002365659,-0.002262686,-0.0002831249,0.001801207,0.00142033,0.0008682031,0.00121368
6,-0.001540066,-0.002475197,-0.001030995,0.0001649655,-0.0004621916,0.000525804,0.0001150638,0.0006264149,0.002214791,0.001343046,0.002079638,0.002502124,0.0006608554,-0.0004259067,-0.001430116,-0.0005456233,0.001474138,0.001013013,0.0007069164,0.002621939,0.003149987,0.000641468,-0.00140816,-0.001174084,0.001329348,0.005696169,0.007321345,0.002678436,-0.002051929,-0.001113559,-0.001376878,-0.003925106,-0.002452829,-0.002183667,-0.003445124,-0.00224068,-0.002606624,-0.001950288,0.0004093818,0.0009712173,0.001709645,0.001328551,-0.0001423936,-0.001768469,-0.003562392,-0.002260158,0.0003401501,0.001622961,0.0009736688,-0.0008328949,0.000188229,0.001389479,0.001110846,0.001745589,0.00107244,0.0002898789,7.749832e-05,-0.0004316716,0.0003077198,0.0003458827,0.001490247,0.002957597,-0.0008491391,-0.003371292,0.001601572,0.006176479,0.004262618,0.003025885,0.004672752,0.002022412,-0.0005428052,0.0004851366,0.001587733,0.003012909,0.0008448512,-0.003021439,-0.00313925,-0.00313968,-0.004616973,-0.005480373,-0.002239585,0.00243699,0.001639505,0.0004653639,0.001577868,0.0002784355,-0.0006624663,2.576208e-05,-0.0001526303,-7.756908e-05,0.000773399,0.001082922,-0.0006516367,-0.003238433,-0.003548747,-0.002986627,-0.002099287,0.0004236274,0.0004580877,-0.0008967841,0.0009871136,0.001700149,0.000753482,0.001364815,0.001157734,0.001023768,0.001370988,0.0009796677,0.001082078,0.0001124789,-0.001498692,-0.001132584,0.00194377,0.005013751,0.003006001,-0.0003479546,-0.0003464582,-0.0005720999,-0.00205969,-0.003048659,-0.001245763,0.003144113,0.00527548,0.004082496,0.0004240067,-0.001743893,0.0002286548,-0.0006189425
1,0.3975716,0.4913109,0.5099522,0.4218289,0.224263,0.009617667,0.0687119,0.3144595,0.3275715,0.1544911,-0.105556,-0.2747226,-0.2296251,-0.2635049,-0.2836369,-0.2766745,-0.3634397,-0.3064624,-0.1900261,-0.06186778,0.002417156,-0.1044599,-0.1357076,-0.1593938,-0.05431042,0.2873095,0.402725,0.2920125,0.2399033,0.27796,0.266393,0.1093206,-0.04462483,-0.1067866,-0.03552638,0.01104141,-0.09513592,-0.1537465,-0.2070056,-0.2381473,-0.1497023,-0.09287652,-0.08766039,-0.123322,-0.1377981,-0.08593342,-0.02574101,0.05596522,0.06471446,0.02364497,0.03090694,0.05523375,0.1065455,0.1523364,0.2440854,0.3638796,0.3171757,0.1141261,-0.1032979,-0.1111069,0.1700751,0.3638624,0.2415006,0.02281379,-0.1453313,-0.2548409,-0.2728839,-0.2844309,-0.2955474,-0.2445558,-0.2619624,-0.2778425,-0.1873343,-0.116293,-0.06442301,-0.08515563,-0.1177833,-0.005690242,0.1418949,0.2593576,0.2370475,0.1800882,0.2983524,0.2918181,0.07129486,-0.1448237,-0.1480477,0.1406693,0.275362,0.071985,-0.1245256,-0.1805114,-0.2325685,-0.2184212,-0.03671344,-0.05210186,-0.1521824,-0.06368643,-0.09055412,-0.0551891,0.008106704,-0.07882811,-0.03920517,-0.04987668,-0.07369211,-0.01194866,0.03041812,0.2014007,0.2790134,0.2579889,0.290074,0.1478216,-0.03007796,0.01635366,0.2010273,0.2992412,0.2279333,0.06430415,-0.1059173,-0.1979842,-0.2177006,-0.1973788,-0.199154,-0.2395564,-0.2648169,-0.2824839,-0.2303583,-0.146603
1,0.009689766,-0.2050852,-0.2968596,-0.3307567,-0.33955,-0.2977918,-0.2980296,-0.207529,-0.1070229,-0.096981,-0.05172883,-0.01209422,0.05780136,0.22221,0.3439805,0.2791501,0.1839675,0.2167441,0.1761777,0.1421502,0.1477442,-0.09442104,-0.2617029,-0.04892391,0.1167707,-0.07538326,-0.2839027,-0.2372227,-0.1812953,-0.1293222,-0.07282784,-0.1510464,-0.179561,-0.1685945,-0.1266946,-0.0009187569,0.02089567,0.02497251,0.06203613,0.04711243,0.02380769,0.001948214,0.07347128,0.1883335,0.2074956,0.1943032,0.1598141,0.04749708,-0.05369563,0.02606444,0.2528084,0.4104711,0.3543961,0.1569701,0.01167464,-0.1243178,-0.2772867,-0.3019416,-0.2765107,-0.298754,-0.3208285,-0.2794122,-0.2002202,-0.1493016,-0.0817826,-0.07886767,-0.1147327,-0.01174778,0.1628366,0.3344251,0.3468256,0.1764433,0.1196759,0.1611068,0.1370814,-0.0220844,-0.1876069,-0.07363757,0.05509686,-0.04364982,-0.1277895,-0.1893235,-0.2046906,-0.1430249,-0.1738156,-0.1695976,-0.09769845,-0.09300402,-0.05710369,-0.0308037,-0.04716692,-0.04170191,-0.05635548,-0.05920344,-0.05698625,-0.01621108,0.07519353,0.1166703,0.1567371,0.1688678,0.161478,0.2223725,0.2041604,0.05892407,-0.02446494,0.1352142,0.3458954,0.2603996,0.09488672,0.008655221,-0.1314279,-0.1791114,-0.1909938,-0.2389327,-0.2337933,-0.2939192,-0.308302,-0.2350125,-0.1711291,-0.06057722,-0.04386869,-0.07264306,-0.03130763,0.03941541,0.242701,0.3887406,0.2686991,0.1428913
5,0.00299758,-0.0004326166,0.003660399,0.009177967,0.006077383,-0.000185144,-0.005215158,-0.006111704,0.000563527,0.003828017,0.001052349,-0.003018432,-0.007125995,-0.005369153,-0.003029724,-0.002026669,0.0007791701,-0.002419027,-0.005200606,-0.0002303422,0.002264514,-0.001476175,-0.004133695,-0.001191057,0.002882755,0.003482814,-0.000954059,-0.00609794,-0.002087145,0.002855027,-0.0004996604,-0.001910716,-0.001125186,-0.001017642,0.002071444,0.002352383,-0.001451014,-0.003263713,0.000987292,0.006937244,0.005177145,0.001836158,0.0006014987,-0.003228707,-0.003832808,-0.002675263,-0.003535127,-0.002706152,-0.001413881,-3.951686e-05,-0.0003666522,-0.002848459,-0.003259483,-0.002459105,-0.001290621,-0.0008505704,-0.001729972,-0.002530706,-0.003797812,-0.002887004,-0.0008998577,-0.0001916195,0.0009753337,0.0009591896,0.0008457748,0.0002008591,-0.001867923,-0.001983086,-0.002534942,-0.003258737,-0.002081256,-0.001391354,-0.001472594,-0.002056203,-0.002044784,-0.001659602,-0.001442092,-0.0008350028,0.0004757758,0.001917284,-0.0006051018,-0.002635497,-0.0004834247,0.0003359696,0.001301357,5.514196e-05,-0.003545574,-0.002786273,-0.002309645,-0.003038583,-0.002385989,-0.002721779,-0.002613128,-0.002112818,-0.0007083463,0.001809101,0.00208995,0.001576904,0.003360644,0.007102811,0.008000688,6.438599e-05,-0.008536389,-0.00529292,-0.0001883791,-0.00169198,-0.00151572,-0.002098313,-0.003024193,-0.000363557,-0.0008843428,-0.001223988,-0.001110915,-0.00304413,-0.002364172,-0.004595015,-0.00770263,-0.006621986,-0.00562467,-0.003682695,-0.002174806,-0.001028667,0.001575057,0.0009856306,-0.00112743,0.0003451651,0.002236546,0.0009682341
6,-0.1568202,-0.1311212,-0.1144185,-0.1087856,-0.1043708,-0.108627,-0.1203004,-0.1148121,-0.09603797,-0.08996499,-0.08448045,-0.07673634,-0.07266953,-0.05811126,-0.04790527,-0.04649658,-0.04383977,-0.04867391,-0.0527162,-0.04506059,-0.03099297,-0.02361879,-0.02130575,-0.01510627,-0.01055836,-0.004357706,-0.00172367,-0.005864434,-0.005853862,-0.002189365,0.006336355,0.01265643,0.01495778,0.01492731,0.01053776,0.01694587,0.02460132,0.02579965,0.03070001,0.03079916,0.03153636,0.03329671,0.02939823,0.02904877,0.03195908,0.03553642,0.03456947,0.03027122,0.03080701,0.03301799,0.03763575,0.04018725,0.04002318,0.04481926,0.04841229,0.0502708,0.05214816,0.05251369,0.05348734,0.05413811,0.05744999,0.06077691,0.05894972,0.05220652,0.04287306,0.04058808,0.04462701,0.04713553,0.04863072,0.05036358,0.0520984,0.05051136,0.04794931,0.05015862,0.05256903,0.05229566,0.05263927,0.05309362,0.05193247,0.05063817,0.05070367,0.05055762,0.04920311,0.04881057,0.04846866,0.04550802,0.0432386,0.04566214,0.0501553,0.05064041,0.04632957,0.04249891,0.04205064,0.04227872,0.03968327,0.03639597,0.03610966,0.0398119,0.0443702,0.04215098,0.03888819,0.04258364,0.04311007,0.04025385,0.03957858,0.0359005,0.03235855,0.03137629,0.02989432,0.02779112,0.02323354,0.01857483,0.01823582,0.01958466,0.01805661,0.01654189,0.01559009,0.01217222,0.0123538,0.01715786,0.01975999,0.01409959,0.006004617,0.008342441,0.009326148,0.004432002,0.003424377,-0.002151374
2,-0.1780638,-0.2048783,-0.1396129,-0.03632397,0.0169398,-0.1084352,-0.3158133,-0.3751429,-0.3288827,-0.3036667,-0.2482121,-0.1740843,-0.1660756,-0.204789,-0.2431783,-0.2535683,-0.2012657,-0.0957773,0.01705838,0.1044242,0.167642,0.2706446,0.3817158,0.314807,0.05978777,-0.1194437,-0.01519721,0.1274477,0.01241068,-0.05690491,-0.003338302,-0.09135552,-0.1352873,-0.1529747,-0.2153688,-0.1802449,-0.2217389,-0.2779122,-0.2692558,-0.2879048,-0.2188772,-0.1505368,-0.1054914,-0.02400474,0.03589616,0.1379289,0.1976049,0.1519316,0.1369214,0.2492275,0.4356587,0.5451801,0.5553449,0.4649249,0.3265952,0.2613555,0.2131376,0.103004,-0.03311579,-0.1083656,-0.1280644,-0.1295362,-0.1207426,-0.173479,-0.2152696,-0.1876059,-0.1674629,-0.1495024,-0.1612932,-0.2046774,-0.2306524,-0.2243407,-0.1895942,-0.1745335,-0.1508675,-0.112047,-0.08376578,-0.005662933,0.0685897,0.06141717,0.1112219,0.37879,0.5740127,0.2376905,-0.1359781,0.1066419,0.2753456,0.01457265,-0.01991197,0.02669353,-0.04219369,-0.03045032,-0.1320298,-0.201426,-0.1739366,-0.2147595,-0.2157097,-0.2777048,-0.3242153,-0.2402253,-0.1642441,-0.0724009,-0.015008,-0.002314858,0.07483478,0.1947455,0.2381378,0.2195386,0.2693707,0.3195923,0.4256768,0.5939701,0.6161862,0.5682399,0.4399032,0.1971404,-0.004291675,-0.1259223,-0.1371319,-0.09203824,-0.03592015,-0.009279357,-0.1400869,-0.33716,-0.4143748,-0.3354701,-0.2514038,-0.2392685
6,0.04287306,0.04058808,0.04462701,0.04713553,0.04863072,0.05036358,0.0520984,0.05051136,0.04794931,0.05015862,0.05256903,0.05229566,0.05263927,0.05309362,0.05193247,0.05063817,0.05070367,0.05055762,0.04920311,0.04881057,0.04846866,0.04550802,0.0432386,0.04566214,0.0501553,0.05064041,0.04632957,0.04249891,0.04205064,0.04227872,0.03968327,0.03639597,0.03610966,0.0398119,0.0443702,0.04215098,0.03888819,0.04258364,0.04311007,0.04025385,0.03957858,0.0359005,0.03235855,0.03137629,0.02989432,0.02779112,0.02323354,0.01857483,0.01823582,0.01958466,0.01805661,0.01654189,0.01559009,0.01217222,0.0123538,0.01715786,0.01975999,0.01409959,0.006004617,0.008342441,0.009326148,0.004432002,0.003424377,-0.002151374,-0.006201157,-0.004134413,-0.006149649,-0.005092812,-0.002281732,-0.003358914,-0.003642259,-0.005382802,-0.00731492,-0.009253396,-0.01249513,-0.01191471,-0.01004295,-0.01000407,-0.0102995,-0.01168511,-0.01399344,-0.01642639,-0.0166446,-0.01567581,-0.01694502,-0.01661897,-0.01396799,-0.01325729,-0.01611579,-0.02159405,-0.02254088,-0.01865002,-0.01854943,-0.02412138,-0.02947396,-0.02584168,-0.02086359,-0.02332969,-0.02168277,-0.0191694,-0.02071531,-0.01592825,-0.01201806,-0.01557609,-0.01884056,-0.01900315,-0.01773011,-0.01648256,-0.01438847,-0.01278264,-0.01293704,-0.01561299,-0.01995926,-0.01788696,-0.01488846,-0.01795733,-0.0177214,-0.016346,-0.01721384,-0.015886,-0.01532063,-0.01499256,-0.01432442,-0.01397113,-0.01329741,-0.01587803,-0.01782162,-0.01593732
5,0.0009179759,0.002738889,0.005748256,0.009895318,0.01100893,0.006653352,0.001216857,-0.002059882,-0.00180051,0.0005126347,-0.0006324761,-0.001233369,-0.002729249,-0.006861143,-0.003592333,-0.0006860464,-0.001265624,0.0007831263,0.0006194937,0.002267549,0.00414345,0.001987223,-0.001121601,-0.005100376,-0.004298931,-0.002168541,-0.002702874,-0.0003615037,-0.0008647693,-0.004569705,-0.005077179,-0.003641772,-0.001588966,-0.002033709,-0.003158817,-0.002363666,-0.005082205,-0.0077326,-0.006007851,-0.00356264,0.001013219,0.004324741,0.0006880175,-0.002084794,0.001999947,0.004201497,-8.73732e-06,-0.002903317,-0.002559329,-0.002571916,-0.002486315,-0.002303415,-0.003549221,-0.004361388,-0.003027947,-0.00338444,-0.004074403,-0.002923624,-0.003687895,-0.003961399,-0.004778471,-0.006960269,-0.004670428,-0.001332091,-0.0002071833,-0.001206737,-0.003566287,-0.002774934,-0.0002512679,0.001614606,0.001420499,-0.0004983298,-0.0002154321,-7.13096e-05,-0.0009709788,-0.002479086,-0.004900972,-0.002754857,-0.0002023639,-0.002601027,-0.00294787,-0.0004956724,0.0006100847,0.0001725012,-0.0009837113,-0.001057063,0.0005207848,0.004187993,0.006697206,0.002526857,-0.004112178,-0.006071188,-0.003555764,1.282016e-05,0.002089977,0.001484005,-0.002925185,-0.008129619,-0.007762206,-0.002948665,0.0007596504,0.001518022,0.0009184993,0.002650834,0.005281814,0.004470519,0.002969929,0.002927317,0.002308535,0.002152523,0.002686895,0.002590992,0.003262923,0.004305884,0.003925514,0.003691515,0.004287644,0.004776705,0.005539275,0.004834608,0.001466089,-0.0004607012,0.002981968,0.007083601,0.005494132,0.004239502,0.005790373,0.00280569
1,-0.1453313,-0.2548409,-0.2728839,-0.2844309,-0.2955474,-0.2445558,-0.2619624,-0.2778425,-0.1873343,-0.116293,-0.06442301,-0.08515563,-0.1177833,-0.005690242,0.1418949,0.2593576,0.2370475,0.1800882,0.2983524,0.2918181,0.07129486,-0.1448237,-0.1480477,0.1406693,0.275362,0.071985,-0.1245256,-0.1805114,-0.2325685,-0.2184212,-0.03671344,-0.05210186,-0.1521824,-0.06368643,-0.09055412,-0.0551891,0.008106704,-0.07882811,-0.03920517,-0.04987668,-0.07369211,-0.01194866,0.03041812,0.2014007,0.2790134,0.2579889,0.290074,0.1478216,-0.03007796,0.01635366,0.2010273,0.2992412,0.2279333,0.06430415,-0.1059173,-0.1979842,-0.2177006,-0.1973788,-0.199154,-0.2395564,-0.2648169,-0.2824839,-0.2303583,-0.146603,-0.1094414,-0.09081478,-0.09873465,-0.06378107,0.01679416,0.1478656,0.3426367,0.3809637,0.3243494,0.3949186,0.3830769,0.1599698,-0.08170027,-0.1577435,-0.02313123,0.04422261,-0.08849362,-0.2128072,-0.2820062,-0.2041058,-0.0676806,-0.1123121,-0.1294172,-0.08734833,-0.09042259,-0.04211076,-0.0424139,-0.04161408,0.03063443,0.03437239,0.03211149,0.06230845,0.06471491,0.08809228,0.1777731,0.3227763,0.3720371,0.1877075,-0.09031359,-0.1872955,0.05415923,0.4117292,0.4642853,0.2009889,-0.08722876,-0.2166656,-0.2130829,-0.2235981,-0.2207948,-0.197304,-0.2368847,-0.2433822,-0.196336,-0.1456452,-0.1010506,-0.1021143,-0.1378092,-0.1515942,0.04700945,0.3985581,0.5064084,0.4098177,0.3878828,0.3987177
4,0.02371127,0.0145428,0.008349548,-0.0005568723,0.009042703,0.02861965,0.01510703,0.002680598,0.002364418,0.00616319,0.02141523,0.01797905,0.00891653,0.009138976,0.001305632,0.01606142,0.03612675,0.01720252,0.002090932,0.007894014,0.005877439,0.003706985,0.005401965,0.004843048,0.005995844,0.00448508,-0.001770139,-0.005814569,-0.0052273,-0.002837438,-0.002096164,-0.002381362,-0.002398075,-0.002771807,-0.001437992,0.0002932226,0.0007500678,-0.002075356,-0.009752086,-0.01263742,-0.009076253,-0.003486415,0.002619612,-0.0002543549,-0.0050015,-0.001910743,-0.002595245,-0.005945929,-0.005385923,-0.004636376,-0.002690097,-0.002048539,-0.003410119,-0.004321389,-0.006587445,-0.002830331,0.001185055,-0.008898334,-0.01626933,-0.008219717,-0.002071949,-0.006755438,-0.01186083,-0.01378254,-0.01465999,-0.01416219,-0.0211776,-0.02892478,-0.02225716,-0.01284998,-0.009354472,-0.01419286,-0.02810887,-0.03326958,-0.02126383,-0.008670878,-0.01199962,-0.01933624,-0.01790835,-0.01639964,-0.01302478,-0.01187195,-0.01572986,-0.01660531,-0.0261257,-0.0321048,-0.01791604,-0.01005849,-0.02007855,-0.02912949,-0.02663222,-0.02537877,-0.02758699,-0.01981188,-0.01578777,-0.02172923,-0.02685476,-0.03128848,-0.02697261,-0.01312113,-0.004861143,-0.01402522,-0.02676147,-0.02072157,-0.01710226,-0.0238136,-0.01968223,-0.01646423,-0.0142421,-0.009199076,-0.01392802,-0.01471318,-0.01236132,-0.01551166,-0.01526378,-0.01510354,-0.01444094,-0.01316542,-0.01174258,-0.007775781,-0.009110092,-0.01107554,-0.01060601,-0.01081978,-0.007901113,-0.006824347,-0.0089816,-0.01152052
5,-0.0001590355,0.0002185636,-0.0001717871,-0.001477772,-0.002228445,-8.204804e-05,0.001626164,0.0004446373,-0.0003086692,-0.0008444704,-0.001546401,-0.00117227,-0.000528956,-0.0003719234,-0.0006390458,0.0002334479,0.001587819,0.00263847,0.004683895,0.004680912,0.00286753,0.003468017,0.003601884,0.001254027,-0.00076204,-0.001878374,-0.002165551,-0.001972185,-0.002025485,-0.001455083,0.0006429878,0.002949413,0.002517209,0.001452002,0.002848623,0.004755774,0.008642961,0.01106098,0.003700289,-0.006485759,-0.008726918,-0.003866895,-0.0002566817,-0.002116132,-0.00177613,0.001228429,0.0007069919,0.000401254,0.0009251385,4.290633e-05,-0.001060836,-0.002689212,-0.002158905,0.0001684479,0.0007995328,0.0005724643,-0.0003065825,-0.0002935431,0.000956781,0.0006284857,0.000296424,0.0006846738,0.000478831,0.0004823778,0.001081136,0.003158192,0.004588822,0.000330146,-0.005172428,-0.004031888,-0.001371775,-0.0009242228,0.001102468,0.0007312526,-0.0012948,-0.0004775321,-0.0002097199,0.0005433996,0.0009249196,-0.0001879088,0.0007331921,0.0001534599,-0.001389883,-0.0007057253,0.0004661623,0.001251331,0.000843522,0.001916808,0.002276903,0.0001163666,0.0004863304,0.0004580259,8.576702e-05,0.0008288098,2.55779e-05,0.0004976474,0.0003655674,-0.001389042,-0.003617245,-0.00525309,7.541517e-05,0.004753897,-0.0003884111,-0.004175142,-0.0003190052,0.001348366,-0.00206175,-0.002885827,-0.001282054,-0.0006088867,8.007374e-07,4.281508e-06,-0.001172781,-0.002725743,-0.0009738884,0.00162861,0.0004807599,0.001753117,0.003900446,0.0008803023,-0.002640666,-0.004581113,-0.004389331,0.001061696,0.00654351,0.003600191,-0.002159496,-0.00321087
2,0.07369388,0.0245041,0.09425603,0.1033469,0.03195922,-0.05234617,-0.07740255,-0.06116701,-0.0926234,-0.1413798,-0.1424745,-0.1280549,-0.1355912,-0.1362093,-0.1378206,-0.1778218,-0.2206593,-0.2190622,-0.1488116,-0.01550481,0.1381309,0.2500524,0.3028051,0.3437678,0.3761453,0.4857889,0.5847266,0.2335621,-0.3003618,-0.3025422,-0.02509198,0.08066702,0.08854488,0.0002823269,-0.09782066,-0.1410494,-0.2080775,-0.1851538,-0.1303451,-0.1457252,-0.1533496,-0.1894737,-0.21449,-0.2073411,-0.2082505,-0.1296666,0.01182156,0.1456247,0.2200115,0.2172109,0.2177366,0.2356909,0.2783086,0.3573987,0.4553648,0.5055082,0.2847388,-0.09766796,-0.1944984,-0.07060428,-0.03217416,0.006761551,0.06022874,-0.02431252,-0.1412082,-0.1751394,-0.144583,-0.03997474,0.02273742,-0.1020292,-0.268594,-0.253586,-0.1756754,-0.1843719,-0.1715394,-0.1294595,-0.08554779,-0.04316195,-0.02443467,0.0749893,0.1637305,0.156287,0.1736726,0.1837514,0.1813082,0.1536611,0.03063379,-0.08945184,-0.1017862,-0.06895684,-0.06382572,-0.02396781,-0.08743611,-0.2440643,-0.1923515,-0.1192192,-0.1205085,-0.08409624,-0.1387203,-0.149883,-0.1088903,-0.1093261,-0.08205378,-0.1354203,-0.2077364,-0.2138854,-0.1688914,-0.04325038,0.02072623,-0.01639079,-0.07183364,-0.09086796,-0.02147761,0.08716884,0.1418665,0.1080404,0.1030972,0.1626837,0.2393249,0.3766191,0.460161,0.427183,0.2813564,0.003150758,-0.1196489,-0.02436179,-0.01171631,-0.04713231
2,0.3655341,0.3693577,0.2459169,0.09100659,-0.03219023,-0.02689998,-0.02245834,-0.1322963,-0.1406561,-0.1164514,-0.1604891,-0.1344191,-0.1403009,-0.1607238,-0.1345676,-0.1355522,-0.1062601,-0.1259242,-0.1651997,-0.1066056,-0.04786562,0.01528048,0.1050787,0.2957684,0.5171037,0.4129007,0.1891918,0.1771172,0.1502119,0.06613597,-0.02480867,-0.1116504,-0.05127088,-0.02689099,-0.06203368,-0.04092917,-0.1531534,-0.2631038,-0.258205,-0.2617812,-0.2651878,-0.2985198,-0.2888451,-0.2608548,-0.2486095,-0.1654615,-0.1361569,-0.1034568,-0.007378295,-0.004360356,-0.01897623,-0.001118814,-0.03829235,-0.08664341,-0.06689122,0.02410944,0.1562757,0.2436097,0.2576966,0.3453037,0.5009287,0.5343352,0.3874125,0.1948916,0.117281,0.05923485,-0.06166881,-0.09693602,-0.04605366,-0.02389698,-0.06678039,-0.126078,-0.1306969,-0.1070593,-0.08923401,-0.1153541,-0.2078203,-0.2997455,-0.3241722,-0.2777372,-0.2629278,-0.2878107,-0.2633406,-0.2055899,-0.1096782,-0.03069541,-0.001354144,0.06111149,0.1555651,0.3776055,0.5917477,0.3775457,-0.04635775,-0.1830116,-0.08054685,-0.01506785,-0.0973468,-0.1464734,-0.08466345,-0.08739614,-0.0765162,-0.04697959,-0.1119089,-0.1750604,-0.262219,-0.3131349,-0.2726165,-0.259852,-0.2227004,-0.189073,-0.1659644,-0.08670203,-0.01571504,0.06398849,0.08975419,0.05713707,0.08450742,0.0891432,0.09873286,0.2181089,0.3591821,0.4323101,0.422734,0.4039167,0.3917993,0.305806,0.1466156,-0.01978513
3,0.01706551,0.5015107,0.8126155,0.9611648,0.9507661,0.5992345,0.0898046,-0.1451943,0.021525,0.1935461,0.02195184,-0.200568,-0.3725459,-0.4158476,-0.1479946,-0.05839607,-0.09628259,-0.1113206,-0.3350943,-0.3736704,-0.2925128,-0.1890519,0.0146922,-0.0456906,-0.2409744,-0.4192909,-0.4449346,-0.1926209,0.2798771,0.9061899,0.932773,0.5252116,0.5222291,0.4560081,0.1787035,-0.03187001,-0.1297581,-0.02982694,-0.1385177,-0.2932761,-0.3200177,-0.5328766,-0.4943817,-0.3677805,-0.4484807,-0.3596221,-0.3441123,-0.3253841,-0.1442963,-0.1299157,-0.1802864,-0.1958407,-0.09165305,0.1966674,0.4166465,0.4888855,0.6057419,0.6958931,0.3853946,0.08660515,0.2825575,0.4563007,0.4288141,0.2147266,-0.189692,-0.2607762,-0.1712413,-0.2604435,-0.2551342,-0.3080147,-0.4227623,-0.3534323,-0.311958,-0.267953,-0.153797,-0.128686,-0.1338538,-0.2253289,-0.3328132,-0.1794104,0.2585328,0.815672,1.004051,0.7207862,0.5564927,0.4014956,-0.007552117,-0.07068265,0.1988315,0.2042457,0.006967668,-0.2398536,-0.3982237,-0.3678375,-0.4048608,-0.4627523,-0.457832,-0.4738943,-0.3582496,-0.160052,-0.06132051,-0.1112207,-0.2556256,-0.2523778,0.1765581,0.8570599,1.036188,0.7474148,0.5824173,0.3392907,0.1320198,0.1215577,0.04015457,0.08389431,-0.006600074,-0.2402831,-0.2018869,-0.299275,-0.3599021,-0.2395455,-0.3231096,-0.2974657,-0.2498299,-0.294639,-0.2017481,-0.1394748,-0.07785628,-0.10567
5,0.01165315,0.01310909,0.01126885,0.02783073,0.00231835,-0.0189655,-0.06192023,-0.09424813,-0.0795342,-0.07008376,-0.01915248,-0.002266895,-0.03011147,-0.01191026,-0.01554211,-0.01666617,-0.006630279,-0.02348093,-0.01762759,-0.02115017,-0.03265907,-0.02247841,-0.01019689,-0.003119691,-0.01649582,-0.02044188,-0.02756762,-0.0550325,-0.05747971,-0.04709599,-0.02836169,-0.01718489,-0.007375886,0.02477877,0.02392934,0.02124837,0.009699963,-0.0351189,-0.01073326,0.02367233,0.0149295,0.0219062,0.005084408,-0.01307007,-0.007980912,-0.01276399,-0.009868673,-0.003697022,0.004780647,0.007929172,-0.0005494434,-0.0009154686,-0.004986818,0.009075029,0.03304061,0.01976332,1.003892e-05,-0.01713927,-0.02995772,-0.009447973,0.005133523,-0.002512143,0.003219432,0.01233013,0.009279629,0.004929711,0.003953596,0.009214429,0.01615613,0.0140794,0.01310521,0.02124696,0.02682344,0.03105437,0.03788606,0.02646287,-0.02144115,-0.06056795,-0.02472538,0.02027213,-0.001934094,-0.008906713,0.009537665,-0.004331663,-0.001863836,0.004955075,-0.005336136,0.002000789,-0.001707518,-0.006463498,0.0002041221,-0.003640011,8.268369e-05,-0.001441615,-0.005959391,0.0003439891,0.0005579952,0.002381427,0.001827785,-0.001456066,-0.0002000597,-0.0005704138,0.002604942,0.002643619,0.001597029,0.003817782,0.001647975,0.002943221,0.005581638,0.006256703,0.005168976,-0.002521232,-0.006362607,-0.002496613,0.002455268,0.004423559,0.002110227,-0.0005587891,-0.002944247,-0.001246899,0.002848255,0.002354558,0.002720985,0.00325529,0.00130108,0.001291511,0.001469997,0.002573841
1,0.1780595,0.1828402,0.08300798,-0.03115653,-0.1162027,-0.02177788,0.08776498,-0.04933677,-0.1987823,-0.2625911,-0.2211906,-0.0866374,-0.09097066,-0.1207975,-0.1063992,-0.1280057,-0.1082053,-0.1087072,-0.0783256,0.03290171,0.1115111,0.1477728,0.1244172,0.1023246,0.1122322,0.1298646,0.2212982,0.290701,0.2662422,0.1640732,0.00333078,-0.01659143,0.1778327,0.4134616,0.5316714,0.4954353,0.3030746,-0.0491166,-0.290393,-0.2475412,-0.2203198,-0.2760927,-0.2709928,-0.2894682,-0.246098,-0.08037124,0.0008529323,-0.02907236,-0.09043863,-0.1204415,-0.03703104,0.1046729,0.1893995,0.1793352,0.1655014,0.2173585,0.3266425,0.4280991,0.2712966,-0.08750936,-0.220707,-0.0923643,0.03230282,0.02931033,-0.07707526,-0.2303718,-0.3210934,-0.2356963,-0.1248291,-0.07285385,-0.01706334,-0.04718312,-0.07970719,-0.0725525,-0.1017733,-0.06680932,-0.01897139,0.01588974,0.0586275,0.01754033,0.003629368,0.06361621,0.1285972,0.2080151,0.2656108,0.2923483,0.224966,0.02637129,-0.12867,-0.05678903,0.2216886,0.4116569,0.2880118,0.07525148,0.002507138,-0.1100403,-0.2522078,-0.2125794,-0.2035746,-0.2875345,-0.302357,-0.3252186,-0.266683,-0.1197985,-0.056804,-0.05503832,-0.07769319,-0.05360222,0.06185968,0.2225904,0.3090145,0.2496464,0.254814,0.3204441,0.2490951,0.03450915,-0.236466,-0.220991,0.0672363,0.1896367,0.1468633,-0.01627738,-0.1886389,-0.1740467,-0.1843711,-0.1649926,-0.04834547,-0.09116565
5,-0.0004191591,-0.001650193,-0.0001593758,0.0008763786,0.0001460472,0.002376848,0.004457546,0.004382432,0.002489262,0.001070205,0.002568905,0.003312217,0.002003624,0.001178459,0.001776005,0.002327744,0.001046182,-0.001442705,-0.003659992,-0.003407307,0.0003922666,0.004288745,0.003321682,0.0002440977,-0.000905828,-0.003214128,-0.002697822,0.000108406,-0.002081095,-0.002521958,-0.001532068,-0.002891631,-0.002466109,-0.002958131,-0.002125475,0.0002256332,0.002834905,0.008723088,0.008375087,0.001679731,-0.001137029,0.0004113778,0.003240523,0.002555759,0.0008069775,-0.0002725335,-0.002606329,-0.001614804,-0.001003829,-0.002289522,-0.001274338,-0.001643421,-0.00157318,0.001003618,0.004051602,0.006394955,0.005215372,0.004468086,0.004921698,0.002950264,0.001826993,0.0009802928,0.0004146948,0.001184229,-0.0008864384,-0.002645422,-0.001607352,-0.001704197,-0.002006711,-0.001772017,-0.002259307,-0.003663607,-0.005243592,-0.004177015,-0.0005363796,0.002588635,0.002884722,0.001663131,0.002227862,0.002526746,0.001622661,0.001290907,-0.0001478025,-0.0003312193,0.001381252,0.001002659,0.0009293642,0.001273333,0.0004033731,0.001473595,0.002198948,0.001571125,0.002479279,0.002189637,0.001990317,0.004478298,0.005922965,0.005672413,0.004213017,0.002581152,0.002040155,0.001530849,0.002255615,0.002167676,0.001469691,0.001850546,-0.001109032,-0.004139951,-0.003192193,1.435614e-05,0.003047883,0.00130573,-0.002683114,-0.005088271,-0.004907052,-0.002136137,-0.001498672,-0.0003176897,0.002278316,-0.000782101,-0.003575003,0.0003310867,0.002439277,-0.001343412,-0.003836551,-0.00265902,-0.002886125,-0.004001639
3,-0.2886197,-0.406534,-0.4377388,-0.3030813,-0.0988163,0.05882524,-0.009322215,-0.1799273,-0.3226398,-0.4074241,-0.1840016,0.3562758,0.874734,0.992445,0.6482896,0.3602407,0.2805859,0.1081792,-0.01381831,-0.06794654,-0.2272016,-0.3948727,-0.4914382,-0.4731874,-0.4488776,-0.468175,-0.4358194,-0.4111522,-0.3748615,-0.3597971,-0.4187978,-0.3814835,-0.1009899,0.3791801,0.7575277,0.882861,0.7886347,0.3752812,-0.09069421,-0.1647331,0.1455665,0.5054012,0.5591656,0.2138381,-0.2804007,-0.4779156,-0.3934515,-0.3814618,-0.3208595,-0.2232947,-0.2364803,-0.2180107,-0.202148,-0.1826418,-0.170674,-0.1947212,-0.0756949,0.2239939,0.5662495,0.7349253,0.8397821,0.83243,0.3486536,-5.153788e-05,0.1526758,0.1464526,-0.07742177,-0.2037959,-0.2498695,-0.3460552,-0.3910816,-0.3353325,-0.4021988,-0.396199,-0.3178377,-0.366084,-0.2995538,-0.2205372,-0.2157412,-0.1524412,0.01731371,0.3658226,0.5121186,0.4328933,0.6381026,0.7880047,0.3543815,-0.1188067,-0.001894512,0.2141408,0.1316712,0.02465701,-0.1749825,-0.3122354,-0.298288,-0.4141409,-0.3115409,-0.08682681,-0.08988244,-0.06089143,-0.07025983,-0.08276417,-0.06842723,-0.138441,-0.04222586,0.204052,0.6270692,0.9910139,0.8889159,0.7768594,0.6148108,0.05989495,-0.2722643,-0.2002849,-0.1482179,-0.1562581,-0.1949897,-0.2586314,-0.2808629,-0.2952649,-0.3417698,-0.4079246,-0.4294213,-0.3956244,-0.3550223,-0.2838905,-0.1831048,-0.09274828
3,-0.3753908,-0.4494474,-0.4122792,-0.3916261,-0.337821,-0.2887745,-0.2353422,-0.1088832,-0.03474826,0.09742697,0.3904336,0.5852115,0.5816796,0.6218289,0.6681899,0.4847237,0.1398049,-0.2219963,-0.2155154,0.2014691,0.3241691,0.09224438,-0.1023607,-0.1572153,-0.1658768,-0.2308359,-0.1494491,-0.1495043,-0.2651106,-0.2120312,-0.3137126,-0.357627,-0.2687875,-0.2758909,-0.1251484,-0.1081252,-0.2180914,-0.1890005,-0.0898575,0.230419,0.6081048,0.8499629,0.8013263,0.5448234,0.4085612,0.1885634,0.08671584,0.1510316,-0.03391214,-0.1480262,-0.1592081,-0.2010422,-0.1689177,-0.219364,-0.2369032,-0.2561342,-0.3242146,-0.3046083,-0.3265,-0.3182037,-0.2997871,-0.3128736,-0.2358343,-0.1481576,-0.06300371,-0.05926627,-0.0218177,0.2306583,0.4983915,0.651763,0.4698297,0.2513727,0.6040936,0.8191287,0.3241425,-0.1510571,-0.1536434,0.07212217,0.205374,0.1835691,0.05880482,-0.1135377,-0.136636,-0.06428746,-0.06024619,-0.06925218,-0.07333719,-0.06791087,-0.07216181,-0.1023458,-0.111645,-0.07858694,-0.02541158,-0.05000272,-0.1323108,-0.1729016,-0.147921,-0.08153751,-0.0894749,-0.158356,-0.2078782,-0.2223008,-0.09667696,0.1899797,0.4403652,0.3985743,0.3600558,0.7586004,1.005707,0.6020099,0.04852513,-0.1620067,-0.07960518,-0.03493357,-0.04457092,-0.04856294,-0.1093645,-0.09463972,-0.1112809,-0.2189745,-0.2446219,-0.2250563,-0.2006899,-0.203594,-0.2051357,-0.1912307,-0.2422747,-0.2946983
2,-0.07958646,-0.04221517,-0.0004495291,0.06799566,0.1198487,0.1662999,0.2352931,0.2380676,0.1089512,-0.07912455,-0.1809594,-0.1689163,-0.129784,-0.06234439,-0.0053967,-0.04288088,-0.08224218,-0.06908327,-0.0729034,-0.07875398,-0.08546636,-0.1240497,-0.1413035,-0.1153675,-0.08658896,-0.08197573,-0.1009806,-0.1114616,-0.09787609,-0.05291694,0.01607283,0.05406417,0.0737167,0.1361613,0.2548962,0.5023454,0.7438477,0.5455478,0.0338102,-0.2149751,-0.1304486,-0.04152223,-0.1534352,-0.2258636,-0.1570017,-0.1693604,-0.1084779,-0.0722602,-0.170933,-0.1689709,-0.2113934,-0.2182604,-0.1733134,-0.2470904,-0.259084,-0.2935035,-0.3040102,-0.2123176,-0.1553287,-0.05318254,-0.02218156,-0.04135146,-0.0180289,-0.04727269,0.01426641,0.1182468,0.1550822,0.1883452,0.2103342,0.2945024,0.3615715,0.2612432,0.1251714,0.07142573,-0.01631659,-0.1388898,-0.1481301,-0.1791834,-0.2848493,-0.3160917,-0.3162397,-0.2760814,-0.2377734,-0.2683123,-0.2746158,-0.2823707,-0.3087837,-0.3294936,-0.3192982,-0.2527786,-0.2172996,-0.2092334,-0.1310802,0.04375065,0.1521064,0.1119843,0.1434493,0.248246,0.3512877,0.4416461,0.2627072,-0.1272903,-0.300898,-0.09567197,0.1186168,-0.02796094,-0.1404913,-0.06527247,-0.1433387,-0.1853462,-0.1810147,-0.2179035,-0.1606299,-0.1950949,-0.2424362,-0.2507841,-0.3037622,-0.2523298,-0.213847,-0.1203532,0.03089191,0.02282603,0.08934302,0.2076462,0.2281776,0.2875364,0.309499,0.2862839
1,-0.1352451,-0.1605413,-0.09230166,-0.02018949,-0.03083828,-0.03321762,-0.03310537,-0.01499516,0.002384032,0.01621286,0.03270695,0.05936233,0.1897968,0.3653324,0.4257195,0.2771584,0.01556701,-0.1729966,-0.2334617,-0.1488076,0.06094408,0.2681189,0.1698779,-0.08133825,-0.04321272,-0.08822263,-0.2951295,-0.2981085,-0.3094328,-0.3117772,-0.2945862,-0.3321945,-0.2520077,-0.1709244,-0.09298003,-0.03958572,-0.04928879,0.03818317,0.13439,0.2614024,0.3573069,0.3168326,0.3481484,0.333419,0.1086317,-0.2035582,-0.3454845,-0.09555272,0.1255488,-0.02148735,-0.1810344,-0.2447994,-0.2269343,-0.06637173,-0.03310736,-0.09126166,-0.07298413,-0.09765968,-0.09458896,-0.07964608,-0.08056189,-0.02893013,-0.03150606,-0.004954608,0.07214632,0.08534997,0.1045489,0.1564431,0.2247168,0.2867852,0.3566853,0.3615532,0.1733022,-0.09450247,-0.2416306,-0.02142057,0.3701233,0.4041692,0.205129,0.03520033,-0.07452625,-0.1589919,-0.2743372,-0.2393051,-0.216146,-0.3051283,-0.2727064,-0.2655142,-0.2072841,-0.05880537,-0.02507668,-0.008653963,-0.0493067,-0.04972008,0.1428666,0.3219826,0.3323193,0.2582391,0.2952535,0.301128,0.1949329,0.06689029,-0.1470247,-0.1326514,0.06917314,0.07123898,-0.03765595,-0.1876902,-0.1753204,-0.04246159,-0.06154918,-0.04288641,-0.06350637,-0.1186178,-0.03862474,-0.03114004,-0.03542919,-0.01220889,-0.01654666,0.008209403,-0.02540818,-0.0300988,0.01271645,0.02993924,0.06313688,0.1349667,0.2885759,0.3368309
4,-6.02206e-05,-0.0005586905,-0.0003712992,-0.0001550515,0.0004953563,0.001245196,0.001178586,0.0005778284,0.0002287996,-0.0005676211,-0.0008315741,-0.0008947866,-0.002012572,-0.001047068,0.0001726836,-0.001459535,-0.002328469,-0.002483356,-0.003184427,-0.002358661,-0.001058757,-0.0005928056,0.0005868902,0.001678095,0.0008041951,-0.0002018002,-0.001114639,-0.002037752,-0.0006474462,0.0002934073,-0.0002762165,0.0006863239,0.001361176,0.000146459,-0.001482111,-0.001705124,-0.0004777708,-0.0002439302,-0.001872039,-0.0033924,-0.002171873,-0.0007080687,-0.00170201,-0.001658515,-0.001110219,-0.00149612,-0.0004576087,0.0003417382,0.0001354552,0.0008345998,0.001548341,0.0006791515,-0.0001177412,0.001879079,0.003687959,0.002993587,0.00366928,0.00571895,0.006007389,0.00481217,0.002151962,-0.001024015,-0.001055199,0.0002917007,-6.544208e-05,0.0003024292,0.0003844016,-0.0001994429,0.000676225,0.0004748988,-0.0006683467,-0.001208338,-9.013534e-05,0.0008772741,-0.002243057,-0.002681326,0.001497028,0.003691279,0.003283137,0.001286901,0.00155291,0.002801964,0.002633418,0.003209041,0.001509478,0.0001401045,0.0003715486,0.0004983282,0.001963208,0.0005061879,-0.0006992304,9.098732e-05,-0.002160308,-0.004229748,-0.004240651,-0.002117615,0.0001782638,4.958952e-05,-0.0001271167,-0.0001898276,0.000283879,0.001713478,0.002479116,0.0001534868,-0.003974543,-0.004603641,-0.005705522,-0.008289245,-0.006862117,-0.00542315,-0.004248105,-0.001715205,-0.0004772328,0.003386276,0.006750399,0.003389262,0.001639084,0.004876701,0.005140029,0.0007309741,-0.003418622,-0.003797047,-0.004010491,-0.0060575,-0.005527406,-0.004385044,-0.003244964,-1.078335e-06
4,-0.02286602,-0.02296296,-0.01910039,-0.02088194,-0.02344045,-0.02607531,-0.02741706,-0.0255145,-0.02300411,-0.01753345,-0.01688714,-0.01939825,-0.01789401,-0.02156562,-0.02400482,-0.02177202,-0.02311099,-0.02402262,-0.02523675,-0.02487394,-0.02159976,-0.02045184,-0.01983631,-0.02285622,-0.02610467,-0.02380072,-0.02255163,-0.02276388,-0.02203643,-0.02081943,-0.01914203,-0.01779321,-0.01654949,-0.01710947,-0.01755867,-0.01517179,-0.012529,-0.01124024,-0.01264028,-0.01483498,-0.01358734,-0.0103106,-0.008824962,-0.01216402,-0.01560492,-0.01060791,-0.005435262,-0.008358423,-0.01099796,-0.01182742,-0.01207228,-0.009293697,-0.007442848,-0.005198639,-0.004390502,-0.008161552,-0.008089897,-0.004748338,-0.002563904,-0.003073558,-0.006478653,-0.005519204,-0.002338808,-0.0004236855,0.0004215918,-0.0008922204,0.00104463,0.003010794,0.003122016,0.002496019,-0.001073308,0.0006187053,0.003180524,0.001395478,0.000917452,-0.001308623,0.0005604923,0.004979655,0.002662088,0.00092036,-0.0008164696,-0.003289235,-0.001079082,0.0002144694,-0.0006073355,-5.010048e-05,0.001024952,0.001722086,0.002046789,0.003626163,0.006110552,0.00666933,0.005346337,0.003629827,0.00182976,0.003138847,0.007461215,0.008612914,0.007845037,0.007875856,0.007095771,0.006394872,0.005825553,0.005919273,0.005723382,0.003337543,0.001996888,0.003544637,0.005609503,0.00625732,0.0067009,0.006824839,0.006140753,0.006971574,0.008266106,0.009030888,0.007742731,0.005061616,0.006459978,0.008460463,0.008633417,0.008259808,0.00338717,-0.001732619,-0.001686242,0.001787536,0.007251357,0.01073987
3,0.1569091,-0.001461586,-0.1612946,-0.2091011,-0.4149704,-0.390142,-0.3015733,-0.4214122,-0.376425,-0.3115581,-0.2729992,-0.1989712,-0.2497062,-0.1961024,-0.07246059,-0.04443439,0.001674387,0.1399775,0.3871621,0.4773722,0.4774619,0.6676853,0.7124662,0.504492,0.2507014,-0.006203182,-0.1596949,-0.1751295,-0.1457868,-0.2196419,-0.2848871,-0.2552294,-0.297171,-0.2798777,-0.2627753,-0.3172446,-0.2873407,-0.3087695,-0.248727,-0.09819098,-0.09887582,-0.1388039,-0.1768856,-0.06595143,0.3629279,0.8742385,1.027087,0.821661,0.6291767,0.2566592,-0.04425643,0.09350462,0.002917169,-0.2230455,-0.2623765,-0.3385528,-0.2881561,-0.3003502,-0.3560606,-0.2304485,-0.1999546,-0.1951767,-0.1607555,-0.1446366,-0.1365342,-0.2133386,-0.2285363,-0.1380645,0.1913151,0.5855108,0.5110508,0.3993682,0.6125938,0.5979597,0.2082166,-0.1924556,-0.2582912,-0.05460768,-0.04392825,-0.1386982,-0.1819796,-0.3217135,-0.2684025,-0.1008516,-0.07132588,-0.02761158,-0.07077328,-0.09455118,-0.1054768,-0.2814675,-0.3156391,-0.1251098,0.2158145,0.5298089,0.5798383,0.5932657,0.6322232,0.4961408,0.2300387,0.06092476,-0.002777534,-0.1392845,-0.2459916,-0.2682266,-0.2567164,-0.209902,-0.1938284,-0.1327467,-0.1052412,-0.2054553,-0.2391271,-0.1535435,-0.05030975,-0.03212583,-0.02163489,0.03112901,-0.06452966,-0.2528143,-0.3661692,-0.2179305,0.3601012,0.844146,0.6261459,0.2126388,0.1970521,0.1399804,0.01725447,0.07559946
4,0.00212832,0.01299421,0.01840629,0.01743153,0.009097695,-0.004164213,-0.01400906,-0.01346741,-0.007493907,-0.003908969,-0.0004550784,-0.002648815,-0.005891642,0.0001266822,0.005540753,0.008496201,0.008623657,0.002198669,-0.007104692,-0.01534234,-0.009405959,0.002147854,0.001475484,0.0008205637,0.002763994,0.005750014,0.01051254,0.002917251,-0.007253456,-0.006263844,-0.004081416,-0.003120968,-0.0007866326,0.001201698,0.002019628,0.003700106,0.007081143,0.006251686,0.0005013512,-0.003979129,-0.003824656,-0.00218155,-0.003274504,-0.00201808,0.004650518,0.008793301,0.003554105,-0.003146304,0.000957988,0.005887943,0.003319403,-0.0007954339,-0.008222166,-0.01022292,-0.006378913,-0.006086833,0.004378271,0.01763164,0.0182722,0.01696203,0.01286383,0.0009259828,-0.01186836,-0.01415295,-0.008684419,-0.007132477,-0.002635857,0.001447377,3.918689e-05,0.001783187,0.0009402458,0.001016277,0.006443949,0.007600751,0.00365062,-0.00373278,-0.007655384,-0.008566945,-0.008940839,-0.0006981137,0.004600781,0.001582646,-0.0001552978,-0.001748285,-0.001313337,0.0002992527,0.002092839,0.004415118,0.003470832,0.00233798,0.001329186,-0.001687574,-0.005190079,-0.005694102,-0.003570029,-0.003092684,-0.0007251251,0.001840192,0.00292181,0.005676486,0.002814582,-0.002975081,-0.003434557,-0.0009198208,0.001901193,0.0008804688,-0.001074655,0.0001632095,0.0009281788,0.00253562,0.002626198,0.0003919669,0.0009368006,0.0007975955,0.0004704672,0.001208076,0.0004140222,0.001416488,0.003607054,0.005254792,0.004332197,0.0006632973,0.0006040677,0.00192725,0.001968704,0.001443789,-0.000633506,-0.0002091593
5,-0.03934137,-0.02595533,-0.03727722,-0.0344076,-0.03534815,-0.01545292,0.006014242,-0.01881623,-0.03784111,-0.01672384,0.006467923,0.002672633,-0.007658303,-0.02679863,-0.05057564,-0.05190614,-0.04024869,-0.03002235,-0.04606908,-0.06070292,-0.0253598,0.009125097,0.003872097,-0.02409011,-0.04577361,-0.03797512,-0.02699452,-0.02926801,-0.0319584,-0.03422222,-0.02952397,-0.02094625,-0.02392088,-0.0262543,-0.02237242,-0.02759106,-0.030418,-0.02743275,-0.02919368,-0.02893746,-0.0281291,-0.02631385,-0.0243259,-0.02734996,-0.02818391,-0.02506157,-0.02132355,-0.0205687,-0.01847383,-0.01519452,-0.02280815,-0.03043635,-0.02773104,-0.02128265,-0.009511587,0.001341537,-0.002239252,-0.01224753,-0.01428143,-0.01309572,-0.01266863,-0.01450736,-0.01857509,-0.01569643,-0.01346017,-0.01426708,-0.0111291,-0.01124669,-0.01206981,-0.01394847,-0.01741146,-0.0139137,-0.005792133,0.003250282,0.003234449,-0.004699501,-0.005855457,-0.005542056,-0.008503049,-0.01124378,-0.009022277,-0.002260967,-0.004401022,-0.01520499,-0.02039891,-0.0039924,0.01469301,-0.006555741,-0.0321825,-0.02468041,-0.01585836,-0.007754546,-0.0001755152,-0.004695883,0.0003846018,0.01565329,0.02547477,0.01715532,-0.007704288,-0.01509049,0.00081877,0.01921941,0.0235653,0.006904739,-0.004930444,0.0004813432,0.006687706,0.00938175,0.01221757,0.01177872,0.005542297,0.004808963,0.008887756,0.008411196,0.00345334,-0.00420581,-0.001024127,0.007252774,0.009621744,0.01266218,0.007755518,0.003522756,0.007376526,0.006597939,0.007658079,0.009759532,0.01020106,0.01261859
3,0.09521716,0.1303876,0.03089587,-0.01158147,-0.09747354,-0.3271639,-0.2101857,-0.1838245,-0.2227062,-0.08626343,-0.1750185,-0.1625199,-0.1634169,-0.3138278,-0.3338496,-0.3994934,-0.2968109,-0.09652452,-0.05400176,-0.06717959,-0.1410928,-0.05352478,0.2602323,0.7117351,0.9578787,0.7546822,0.5966356,0.3772293,0.01745325,-0.05066851,-0.1127484,-0.1872605,-0.1456226,-0.1905501,-0.1908065,-0.2711048,-0.4361334,-0.4412615,-0.4333065,-0.4203787,-0.3706635,-0.3336099,-0.2565277,-0.2009557,-0.1869103,-0.1518576,-0.01464218,0.273467,0.5852142,0.7095668,0.7010041,0.697526,0.4064049,-0.05355641,-0.06731163,0.1280195,0.09035132,-0.04777737,-0.2135105,-0.273208,-0.1812833,-0.188508,-0.2216517,-0.2059697,-0.2770287,-0.3377146,-0.3323623,-0.2724326,-0.186245,-0.1791718,-0.1824421,-0.1643172,-0.1684364,-0.142288,0.007209461,0.3602924,0.7784644,0.9711115,0.8042406,0.5011665,0.2873495,0.1172794,0.08489975,0.1111601,-0.0296841,-0.1858534,-0.2544805,-0.2092711,-0.1280564,-0.1382732,-0.09380532,-0.04790558,-0.02754403,0.01366308,-0.07050059,-0.1531668,-0.1881179,-0.2411552,-0.2487296,-0.2258103,-0.1304529,-0.06966701,-0.1012776,-0.1132338,-0.1416795,-0.1462281,-0.08408953,0.1562927,0.6353852,0.8610817,0.5535978,0.2143144,0.1372578,0.09236758,0.05604606,0.01383792,-0.1120972,-0.1734857,-0.2307014,-0.252155,-0.1521287,-0.1396762,-0.09784693,0.01041895,0.02057039,0.07120166,0.1085836,0.05474338
6,-0.009219026,-0.007302634,-0.006707802,-0.007950507,-0.006218759,-0.003419927,-0.0006986102,-0.0006682008,-0.002977254,-0.004414365,-0.007443396,-0.006586631,0.0002311675,0.002985476,0.002298336,0.001724835,0.002026966,0.002872555,0.0006092705,-0.003691627,-0.008733004,-0.008424657,-0.004336111,-0.004277283,-0.0006471543,0.0007847901,-0.001172079,0.00412162,0.003663402,2.321449e-06,0.001035279,-0.001708384,-0.004335829,-0.006932293,-0.006275844,0.0002497663,0.002936734,0.00289747,0.0003650989,-0.0006576803,0.003090674,0.006890454,0.01303783,0.01235937,0.007480775,0.006400473,-0.000445447,-0.0001647723,0.005246096,0.002103588,0.005656842,0.008873547,0.004844271,0.003936719,0.001555939,0.001020341,0.002335908,0.001141076,0.001879808,0.001657362,0.001393034,0.001933983,0.00110912,0.0008623709,0.0004072889,0.002582653,0.004983242,0.00158564,-0.001116275,0.001003446,0.002225064,0.00114979,0.002086058,0.003126246,0.001523208,0.001213338,0.003025481,0.004499352,0.003895222,0.002438574,0.002425999,0.002267019,0.00225723,0.002451484,0.001993135,0.00229236,0.002148995,0.001747178,0.001318993,2.076309e-06,-0.0004227697,-0.000895833,-0.001277926,-0.0005201936,-0.0002112695,0.0007968938,0.002356007,0.003170775,0.0033045,0.002579082,0.003193849,0.004880363,0.005235445,0.002840621,-0.001677103,-0.002219728,4.780643e-05,-0.0002314245,-9.276343e-05,0.0008543429,0.001994498,0.003180012,0.002984675,0.003865549,0.0029711,-0.002227156,-0.005766103,-0.003269684,0.001322379,0.00108411,-0.0001404724,0.0002597988,-0.0009705213,0.001138965,0.004770092,0.004936893,0.004681067,0.004249786
1,-0.01601943,-0.02297768,-0.01932021,0.02728588,0.01088725,0.03845026,0.03395213,0.05754806,0.08227022,0.0821028,0.1850276,0.2673746,0.3246789,0.2478731,-0.01963072,-0.1464313,-0.02703737,0.2320734,0.3721658,0.2400668,0.03995533,-0.1007388,-0.1737585,-0.2025443,-0.2100059,-0.2274894,-0.2685676,-0.272885,-0.2459503,-0.1729473,-0.09029827,-0.06409121,-0.05719194,-0.06285155,-0.0379707,0.03048635,0.1150927,0.1740509,0.1670287,0.2601323,0.4545488,0.4393989,0.101573,-0.2614685,-0.2536449,-0.01442276,0.04372325,-0.04266112,-0.1265846,-0.1909533,-0.1923359,-0.1401945,-0.05565707,-0.04251238,-0.08560061,-0.06019262,-0.06897011,-0.07641651,-0.03164799,-0.01221641,0.05047511,0.07095431,0.02888183,0.04734744,0.105377,0.2092524,0.2830478,0.3046285,0.3296307,0.2102942,-0.0331228,-0.1344373,-0.04338163,0.03192067,0.05906274,0.1323905,0.06200699,-0.1188204,-0.1354319,-0.157529,-0.2384901,-0.2202544,-0.2333164,-0.2506243,-0.2254252,-0.2325702,-0.1623565,-0.05653542,-0.03849104,-0.0695234,-0.07671587,-0.01011211,0.1057503,0.23651,0.2898037,0.2501002,0.2646514,0.3030721,0.2541591,0.05853809,-0.1942828,-0.1769469,0.04163038,0.09166334,-0.03032811,-0.2088864,-0.2866555,-0.175355,-0.05525895,0.01924866,-0.006812516,-0.1128472,-0.1041613,-0.08615989,-0.0775474,-0.02523508,-0.02874759,0.01928714,0.07440196,0.05050814,0.05456214,0.06985856,0.1239228,0.2139969,0.2528138,0.2724644,0.2595414,0.1066826
2,-0.2029268,-0.1558939,-0.1134487,-0.1149929,-0.1025999,-0.08088082,-0.05668512,-0.004876826,0.0762783,0.1705287,0.2456694,0.3276508,0.4045462,0.5210054,0.6235499,0.3047194,-0.2448869,-0.318023,-0.1023996,-0.06834939,-0.07879595,-0.05731891,-0.08360879,-0.1467526,-0.2133945,-0.2178794,-0.1842808,-0.1495365,-0.1287941,-0.1542502,-0.1733073,-0.1801372,-0.1988173,-0.1807206,-0.103579,-0.03223459,-0.0393205,-0.04400536,0.001873427,-0.002249126,-0.0181675,0.007428071,0.01363757,0.05464432,0.1344794,0.1549459,0.1357522,0.1287713,0.1906035,0.3174513,0.4523166,0.5519503,0.4658045,0.2331883,0.08864048,0.08688284,0.1194925,0.01324907,-0.1401134,-0.1392391,-0.05940025,0.006812695,-0.02527147,-0.1081204,-0.1574444,-0.2547499,-0.2571025,-0.1713931,-0.1763957,-0.1831446,-0.1979385,-0.1911212,-0.1091258,-0.02333477,0.0552695,0.03780837,0.05180125,0.2009997,0.238631,0.1821835,0.2316359,0.5114634,0.7161279,0.2099586,-0.4323664,-0.2753829,0.06298081,0.07225681,0.07259677,-0.06220433,-0.2169274,-0.2244854,-0.3012868,-0.2757492,-0.2278397,-0.2255499,-0.1051363,-0.124518,-0.1921923,-0.1880943,-0.2121762,-0.1076213,0.04684987,0.1247149,0.1129052,0.1059531,0.1809459,0.1623503,0.1497071,0.2303957,0.3594086,0.5010442,0.2586424,-0.1280698,-0.05309583,0.1231136,0.1401968,0.1429204,0.04158334,-0.04473507,-0.09917793,-0.1952469,-0.2100635,-0.2410393,-0.2812474,-0.2680946,-0.2797835,-0.266126
4,-0.0003179548,-0.0009952971,-0.002485641,-0.005124068,-0.003730439,-0.002014474,-0.00457445,-0.006467957,-0.006973255,-0.005025201,-0.000577385,0.0007605501,-6.066486e-05,0.0006885213,0.001258469,-0.001196289,-0.003714981,-0.001976782,-0.0002552034,-0.0009773718,-0.0008571546,-0.00200279,-0.003518813,-0.002160115,-0.001492202,-0.001705974,-0.002532962,-0.004776863,-0.004140949,-0.003199172,-0.004382688,-0.003710035,-0.003578999,-0.004128633,-0.00345816,-0.003816234,-0.003936433,-0.005246174,-0.009934342,-0.01289972,-0.01043056,-0.007818929,-0.01012818,-0.01106542,-0.008772271,-0.008783471,-0.008168082,-0.005045772,-0.002631465,-0.004211591,-0.007287596,-0.005564529,-0.005435414,-0.009144573,-0.01016928,-0.01077078,-0.0105967,-0.008936448,-0.007324681,-0.004977491,-0.002380758,-9.004889e-05,-0.003032531,-0.006532426,-0.003166235,0.0003568038,0.003242971,0.003190923,-0.001382109,-0.002528748,-0.002605722,-0.001717359,0.0007821515,0.0001927797,-0.0002669501,-0.0008108246,-0.001022299,0.0005991123,0.001951284,0.004641102,0.004042644,0.0005189223,0.0004534939,0.0006940911,0.0008409685,0.0008714968,-4.515345e-05,0.0003603785,0.0004523372,0.0004443592,0.0007847747,0.001370132,0.002291505,0.001026954,-0.0004179195,-4.924543e-05,0.0005822695,0.001096949,0.001532069,0.0009176966,-0.001304136,-0.001597529,0.001073705,0.003069481,0.002065318,0.0001578922,0.001170289,0.001321071,0.00173938,0.006032591,0.006175947,0.004482431,0.005911823,0.005054665,0.003361512,0.002423408,0.002920034,0.006869372,0.01001579,0.009527285,0.006476487,0.004474464,0.005359955,0.004725336,0.0006001499,-0.002671935,0.001201633,0.01058579
1,-0.1472076,-0.2424679,-0.2102247,-0.08741,-0.03775082,-0.03109311,-0.08460817,-0.1380661,-0.1249944,-0.1370799,-0.118318,-0.02012772,0.07416226,0.07858107,0.0163237,0.02170135,0.04405028,0.07063784,0.1454279,0.1527198,0.217006,0.394575,0.4317786,0.2796828,0.05519694,-0.09937464,-0.06156041,0.1120971,0.2275688,0.1631379,0.06161304,0.03462538,-0.06010873,-0.190331,-0.206775,-0.2225763,-0.2841582,-0.2978234,-0.2671753,-0.1759504,-0.06986226,-0.04766182,-0.08817606,-0.1003672,-0.05036072,0.008972878,0.09911508,0.2238141,0.2800395,0.2390639,0.1966,0.2302095,0.2058193,0.04067309,-0.1174592,-0.1180501,0.0349895,0.08448854,-0.07447587,-0.2327055,-0.2403863,-0.1430765,-0.1159231,-0.1312984,-0.1352451,-0.1605413,-0.09230166,-0.02018949,-0.03083828,-0.03321762,-0.03310537,-0.01499516,0.002384032,0.01621286,0.03270695,0.05936233,0.1897968,0.3653324,0.4257195,0.2771584,0.01556701,-0.1729966,-0.2334617,-0.1488076,0.06094408,0.2681189,0.1698779,-0.08133825,-0.04321272,-0.08822263,-0.2951295,-0.2981085,-0.3094328,-0.3117772,-0.2945862,-0.3321945,-0.2520077,-0.1709244,-0.09298003,-0.03958572,-0.04928879,0.03818317,0.13439,0.2614024,0.3573069,0.3168326,0.3481484,0.333419,0.1086317,-0.2035582,-0.3454845,-0.09555272,0.1255488,-0.02148735,-0.1810344,-0.2447994,-0.2269343,-0.06637173,-0.03310736,-0.09126166,-0.07298413,-0.09765968,-0.09458896,-0.07964608,-0.08056189,-0.02893013,-0.03150606,-0.004954608
5,-0.0139587,0.0006599605,3.2656e-05,0.009524373,0.01361791,0.002778238,0.004995187,-0.007118734,-0.01585,-0.002528831,-0.001149476,-0.001777935,-0.0003878131,0.003192562,0.01005381,0.002980249,-0.003364753,-0.003303607,-0.00349696,-0.00017229,0.004330249,0.01015433,0.01056372,0.007774168,0.007929381,0.005858403,0.004798162,0.002412061,-0.002622693,-0.00156747,0.0002644274,-0.002095908,-0.002051966,-0.001412888,-0.001535563,0.001142164,0.002509089,0.002690252,0.002823312,0.00138558,4.1076e-05,-0.00264084,-0.002583042,-0.0008643113,-0.00322444,-0.004761496,-0.006059036,-0.004419714,0.000574442,-0.0008533526,-0.002617256,-0.001427681,-0.00107803,0.001330952,0.001326507,-0.0005960576,-0.001055232,-0.002511941,-0.002480692,-0.002343099,-0.002815831,-0.002136355,-0.002001604,0.001193262,0.005283325,0.004629628,0.002871995,0.002020782,0.001252365,0.0003115066,-0.001782288,-0.004083411,-0.004092964,-0.002591465,-0.002359286,-0.001896446,0.000224757,0.00224254,0.0006279004,-0.004249955,-0.00535004,-0.001588037,0.0009822058,-0.00272643,-0.00727808,-0.003836188,0.00140079,0.00491387,0.007004886,0.004390323,0.001323348,-0.003315217,-0.005574289,-0.002665476,-0.006747456,-0.01114413,-0.009470937,-0.007263185,-0.004008365,-0.00702403,-0.009612425,-0.001149223,0.004724165,0.002456818,-0.0002000043,-0.003306686,-0.009019802,-0.007665464,0.001100095,0.003402727,0.002461839,0.001566945,0.0006982791,0.003702214,0.004645739,0.00582214,0.007111163,0.003947776,0.002118794,0.001879076,0.0005837945,-0.003581199,-0.006779111,-0.008124466,-0.009038953,0.0005786608,0.00942935,0.004658675
3,-0.39522,-0.4213728,-0.3864474,-0.3861221,-0.3734484,-0.3701147,-0.3698763,-0.3135032,-0.1619086,0.1416014,0.4509708,0.4823906,0.444701,0.7232241,0.9369343,0.5997891,0.1206511,0.02434145,0.112395,0.06085325,-0.08783448,-0.2548036,-0.3521081,-0.3282954,-0.3163294,-0.3063158,-0.2744878,-0.2908123,-0.2615525,-0.1800814,-0.1174144,-0.05120201,0.01388037,0.02417274,-0.08230508,-0.1300583,0.1450242,0.6059773,0.8371125,0.7649153,0.7784525,0.8171144,0.5437989,0.2689925,0.1347551,-0.07890223,-0.1971388,-0.1697131,-0.2342326,-0.3373651,-0.3212219,-0.2956752,-0.2772311,-0.1749849,-0.1404345,-0.1678479,-0.1494147,-0.1517552,-0.1515016,-0.1300519,-0.1127159,-0.1083096,-0.1105905,-0.1058655,-0.1543388,-0.2351234,-0.267357,-0.1353855,0.307121,0.8637129,1.058758,0.8974342,0.7365333,0.425339,0.08856715,0.1624193,0.1608427,-0.06867888,-0.1508244,-0.2489891,-0.1948117,-0.01220972,-0.01571126,0.0179851,-0.01156164,-0.11157,-0.07495883,-0.1096849,-0.1378232,-0.1043979,-0.1300732,-0.1567528,-0.2422803,-0.3326401,-0.3412852,-0.2723122,-0.1796758,-0.2264051,-0.3166058,-0.3385126,-0.1919906,0.4084134,1.023061,0.9437963,0.703091,0.6937376,0.2556459,-0.1286086,0.1177638,0.1209022,-0.09762136,-0.1705765,-0.3497282,-0.350455,-0.3017639,-0.4149862,-0.4189052,-0.407789,-0.4067963,-0.4328972,-0.4783849,-0.361512,-0.217885,-0.167108,-0.1562259,-0.03100663,0.2809409,0.5069041
3,-0.08353831,-0.2223908,-0.2180337,-0.2660104,-0.1288904,-0.1187914,-0.1652134,-0.04787665,-0.06638877,-0.08603739,-0.173557,-0.2529307,-0.1994286,-0.2442228,-0.2065802,-0.1198152,-0.03913443,0.02835193,-0.08331576,-0.1743001,-0.236644,-0.2260819,-0.0402745,0.199389,0.4845585,0.6305858,0.6962425,0.5866701,0.06177667,-0.1646745,0.03731665,0.04220041,-0.09914148,-0.2750353,-0.3743637,-0.321828,-0.3136094,-0.340629,-0.330111,-0.2542642,-0.1293705,-0.04345183,-0.06475618,-0.1643915,-0.2835834,-0.3616866,-0.08219925,0.4006323,0.5970949,0.6930451,0.6787039,0.3492483,0.02600877,-0.071892,-0.03207311,-0.05383334,-0.1361174,-0.1733856,-0.2437658,-0.2499406,-0.2218186,-0.2517955,-0.2002114,-0.1823375,-0.2017849,-0.1474346,-0.1292115,-0.1400057,-0.1850529,-0.2237604,-0.1384401,0.116518,0.4575814,0.6842903,0.9027258,0.9653322,0.6033571,0.2181368,-0.04371466,-0.09913281,0.0370889,-0.1149893,-0.2575071,-0.3491708,-0.5542143,-0.4067261,-0.3117422,-0.3205234,-0.1804148,-0.2617701,-0.1938962,-0.06459326,-0.1483764,-0.1079643,-0.0637141,0.1812159,0.6324551,0.8370047,0.8669766,0.7223057,0.322542,-0.05072385,-0.05720081,0.08496828,0.01408503,-0.09992019,-0.1796371,-0.1590154,-0.03274752,-0.07267428,-0.1603437,-0.2207353,-0.2919469,-0.2445602,-0.1865666,-0.07658304,0.04024941,-0.01822172,-0.012243,0.05882688,0.06339193,0.06913532,0.04013481,0.06164952,0.1242965,0.2324173,0.603349,1.053488
3,0.5201665,0.4830238,0.5091471,0.4998226,0.3237829,0.08072644,-0.03564176,0.01792347,-0.03590257,-0.2344301,-0.2553743,-0.2197977,-0.255497,-0.2705745,-0.3179159,-0.3216017,-0.3133653,-0.3441129,-0.3092842,-0.2590362,-0.2136438,-0.2303529,-0.3472343,-0.400823,-0.2882746,0.1012354,0.6846506,0.9863104,0.8365619,0.5783503,0.3302263,0.05357428,-0.07005924,-0.1319884,-0.2154697,-0.2408161,-0.3794499,-0.4749108,-0.4080586,-0.3961437,-0.3851208,-0.3930033,-0.4279762,-0.4046974,-0.3366004,-0.2066763,-0.1565465,-0.191701,-0.1228169,0.1339912,0.5009707,0.6877146,0.7097097,0.7335171,0.4669347,-0.1572915,-0.5082222,-0.1193601,0.4831589,0.5276955,0.09927459,-0.3186692,-0.3398373,-0.07499033,-0.02841197,-0.02985013,-0.03214115,-0.182669,-0.1721657,-0.232258,-0.352667,-0.2680241,-0.1801792,-0.06011345,-0.08805439,-0.2019811,-0.1649399,-0.1746459,0.05182323,0.5324617,0.7874629,0.8280952,0.8398632,0.8073066,0.5893108,0.2935801,0.07963981,-0.07932828,-0.1027002,-0.06144115,-0.06813147,-0.07164114,-0.08197948,-0.1408308,-0.2468119,-0.2703519,-0.1806718,-0.1273124,-0.1590427,-0.2575308,-0.3467611,-0.3435473,-0.2968084,-0.2909916,-0.3043001,-0.2704336,-0.1756534,-0.0736529,-0.1200441,-0.2690014,-0.3709309,-0.4086546,-0.06384456,0.6481299,1.050659,0.9630358,0.6237866,0.1821355,0.002958366,0.295562,0.503989,0.1992253,-0.1686338,-0.3685175,-0.4350746,-0.2511177,-0.1427263,-0.2199579
5,0.002334299,-0.0006537276,-0.001433121,0.001243708,0.003102465,0.003592405,0.002854789,0.003433447,0.005199543,0.004915832,5.582596e-05,-0.005056883,0.0008655379,0.007905042,0.00368639,0.001111659,0.0007957556,-0.002111417,0.001110128,0.004517702,0.002171236,-0.0003777155,-0.001652615,0.0007141658,0.002752412,0.001360492,0.002425957,0.003525507,0.002606356,0.002032695,0.0009139144,4.975382e-06,0.0001249311,0.001676018,0.002295747,0.001687569,0.003000046,0.002286548,6.881035e-05,-0.001069451,-0.006278474,-0.009537746,-0.003810972,0.0005194048,-0.001713526,-0.002090088,0.0008694832,0.00172327,0.001868257,0.002984546,0.003186114,0.003084499,0.002360229,0.001484213,6.754621e-05,-0.002536219,-0.001209753,0.001414556,-0.0002675249,-0.001970521,-0.002857594,-0.003560299,-0.002071031,-0.0006729355,-0.0001590355,0.0002185636,-0.0001717871,-0.001477772,-0.002228445,-8.204804e-05,0.001626164,0.0004446373,-0.0003086692,-0.0008444704,-0.001546401,-0.00117227,-0.000528956,-0.0003719234,-0.0006390458,0.0002334479,0.001587819,0.00263847,0.004683895,0.004680912,0.00286753,0.003468017,0.003601884,0.001254027,-0.00076204,-0.001878374,-0.002165551,-0.001972185,-0.002025485,-0.001455083,0.0006429878,0.002949413,0.002517209,0.001452002,0.002848623,0.004755774,0.008642961,0.01106098,0.003700289,-0.006485759,-0.008726918,-0.003866895,-0.0002566817,-0.002116132,-0.00177613,0.001228429,0.0007069919,0.000401254,0.0009251385,4.290633e-05,-0.001060836,-0.002689212,-0.002158905,0.0001684479,0.0007995328,0.0005724643,-0.0003065825,-0.0002935431,0.000956781,0.0006284857,0.000296424,0.0006846738,0.000478831,0.0004823778
2,0.117281,0.05923485,-0.06166881,-0.09693602,-0.04605366,-0.02389698,-0.06678039,-0.126078,-0.1306969,-0.1070593,-0.08923401,-0.1153541,-0.2078203,-0.2997455,-0.3241722,-0.2777372,-0.2629278,-0.2878107,-0.2633406,-0.2055899,-0.1096782,-0.03069541,-0.001354144,0.06111149,0.1555651,0.3776055,0.5917477,0.3775457,-0.04635775,-0.1830116,-0.08054685,-0.01506785,-0.0973468,-0.1464734,-0.08466345,-0.08739614,-0.0765162,-0.04697959,-0.1119089,-0.1750604,-0.262219,-0.3131349,-0.2726165,-0.259852,-0.2227004,-0.189073,-0.1659644,-0.08670203,-0.01571504,0.06398849,0.08975419,0.05713707,0.08450742,0.0891432,0.09873286,0.2181089,0.3591821,0.4323101,0.422734,0.4039167,0.3917993,0.305806,0.1466156,-0.01978513,-0.04076262,0.07401994,0.1324255,0.1303426,0.02060864,-0.1457153,-0.1317551,-0.09784256,-0.1703687,-0.190974,-0.2339992,-0.3474409,-0.3968681,-0.3355847,-0.256946,-0.2373539,-0.2072941,-0.1973388,-0.2074006,-0.08311938,0.08073322,0.1666408,0.2344685,0.29075,0.3731203,0.4022544,0.126348,-0.2275436,-0.1629343,-0.02361951,-0.140746,-0.1079019,-0.07272942,-0.1555825,-0.09243624,-0.1140143,-0.1502712,-0.1319363,-0.2093626,-0.1945042,-0.2122712,-0.2677161,-0.209677,-0.1755065,-0.1225739,-0.07808504,-0.05038962,0.03572909,0.0969671,0.124243,0.1108139,0.1058131,0.1510075,0.2445812,0.4255477,0.531602,0.4861374,0.381034,0.2602927,0.2481443,0.25404,0.0964765,-0.01829072,-0.002622622
6,-0.006201157,-0.004134413,-0.006149649,-0.005092812,-0.002281732,-0.003358914,-0.003642259,-0.005382802,-0.00731492,-0.009253396,-0.01249513,-0.01191471,-0.01004295,-0.01000407,-0.0102995,-0.01168511,-0.01399344,-0.01642639,-0.0166446,-0.01567581,-0.01694502,-0.01661897,-0.01396799,-0.01325729,-0.01611579,-0.02159405,-0.02254088,-0.01865002,-0.01854943,-0.02412138,-0.02947396,-0.02584168,-0.02086359,-0.02332969,-0.02168277,-0.0191694,-0.02071531,-0.01592825,-0.01201806,-0.01557609,-0.01884056,-0.01900315,-0.01773011,-0.01648256,-0.01438847,-0.01278264,-0.01293704,-0.01561299,-0.01995926,-0.01788696,-0.01488846,-0.01795733,-0.0177214,-0.016346,-0.01721384,-0.015886,-0.01532063,-0.01499256,-0.01432442,-0.01397113,-0.01329741,-0.01587803,-0.01782162,-0.01593732,-0.01408311,-0.01201578,-0.009702432,-0.007260435,-0.005387973,-0.004667919,-0.00326132,-0.00136215,0.001085944,0.0008417875,-0.001255535,0.0005849865,0.0004289635,-0.003338588,-0.004466937,-0.002328461,0.002060405,0.002827405,0.0003676272,-0.001093865,-0.002905952,0.001762232,0.01202124,0.01635239,0.01223222,0.007702578,0.01158287,0.0150942,0.0133262,0.01200846,0.008393938,0.009328091,0.01417339,0.01399495,0.0146737,0.01453213,0.01394286,0.01558644,0.01510442,0.01645964,0.01638704,0.01366029,0.01374363,0.01402891,0.01553043,0.01614507,0.01578687,0.01692278,0.01577231,0.01596948,0.01652771,0.01502065,0.01440922,0.01380874,0.0195226,0.0266088,0.02275789,0.01848429,0.01929103,0.01716883,0.01432819,0.011649,0.008015626,0.01048335
2,-0.15181,-0.1270365,-0.1234091,-0.1377617,-0.1046808,-0.0896773,-0.05965089,-0.04305998,0.04310376,0.2964258,0.4634211,0.4053735,0.3228329,0.3292887,0.2999944,0.2116138,0.08548303,-0.02829351,0.03807626,0.06983662,-0.06044672,-0.1303468,-0.1883939,-0.1938181,-0.1123921,-0.09444859,-0.1443342,-0.2633962,-0.3276563,-0.3111861,-0.3023038,-0.2022293,-0.1069423,-0.1217403,-0.1240858,-0.05304618,-0.00299573,-0.01632167,0.03578891,0.08720798,0.07088715,0.1064747,0.1454253,0.1656226,0.2236199,0.3433682,0.5012446,0.5486956,0.4929645,0.4259192,0.2579561,0.0295471,-0.06393264,-0.08474533,-0.1285529,-0.09643911,-0.07064179,-0.1595908,-0.2672121,-0.3173614,-0.269815,-0.1970559,-0.2007048,-0.2484973,-0.3044631,-0.2960175,-0.2377087,-0.2267827,-0.2109466,-0.1887802,-0.1717236,-0.1081417,-0.03179341,0.07468409,0.2002617,0.2954802,0.4351477,0.5387757,0.3041837,-0.1367711,-0.2361388,-0.06895675,-0.04107766,-0.07243376,-0.07205722,-0.07477137,-0.07347465,-0.07327963,-0.0612663,-0.08584572,-0.1295842,-0.1861954,-0.2693635,-0.2943403,-0.2872058,-0.2905919,-0.2728349,-0.1890006,-0.07016203,-0.0103597,0.07574344,0.1852613,0.200485,0.1862999,0.1737037,0.2235402,0.4094548,0.6413905,0.7519296,0.5204557,0.2092539,0.1681952,0.0225072,-0.1934298,-0.1154661,-0.03997139,-0.05825634,-0.1133109,-0.2953744,-0.3426084,-0.2546084,-0.2369357,-0.2243731,-0.2692759,-0.3560365,-0.3519254,-0.2737597,-0.1667399
1,0.2470754,0.1708558,0.03305748,-0.06159609,-0.06689651,0.001125458,0.07780371,0.09401567,0.06222075,0.0003606662,-0.1107627,-0.1894792,-0.1634592,-0.164073,-0.2130864,-0.218923,-0.2056456,-0.1631867,-0.1332537,-0.1530734,-0.1505185,-0.1335348,-0.1026701,-0.03915157,0.04419607,0.1173836,0.1128464,0.1345789,0.2657997,0.3279129,0.2749573,0.1509242,-0.057909,-0.1735468,-0.1596201,-0.1203827,-0.0128178,-0.0008994747,-0.1387078,-0.2186289,-0.2317801,-0.1929155,-0.1574942,-0.1565775,-0.1342881,-0.1481168,-0.1266071,-0.04346629,0.04337376,0.09039067,-0.01006159,-0.07576011,-0.03039478,-0.02971463,-0.01332583,0.03258474,0.1148674,0.2371062,0.3280821,0.3830477,0.3318998,0.1655464,-0.04057427,-0.1426497,-0.04959,0.02546801,0.04672934,0.09208846,0.03646446,-0.05490707,-0.1528593,-0.2596831,-0.2580573,-0.2751565,-0.2986491,-0.2540326,-0.2515274,-0.1970443,-0.1395513,-0.1608296,-0.13767,-0.09743295,0.03454054,0.2858046,0.3961254,0.2704954,0.1620877,0.2704912,0.4008207,0.410886,0.2284823,-0.1633597,-0.2824748,-0.07069894,-0.01505834,-0.1204041,-0.2268554,-0.2638418,-0.2101639,-0.1572563,-0.1308752,-0.1372012,-0.09941724,-0.004354158,0.03038206,0.0196687,0.02628628,0.04675457,0.02084347,-0.01465384,0.02217679,0.1169752,0.2753658,0.3603374,0.2814066,0.1960427,0.1395756,0.1329012,0.1767363,0.1820653,0.2987285,0.4259665,0.2020986,-0.1248543,-0.2209944,-0.2353373,-0.2417414,-0.2289293
2,0.0545921,0.1329714,0.1837504,0.1683175,0.1923171,0.3029767,0.3771151,0.4247923,0.5162531,0.559779,0.4524225,0.247607,0.05377462,-0.09266323,-0.1436385,-0.08965012,-0.05111484,-0.09892062,-0.2498374,-0.469799,-0.5320698,-0.3825771,-0.3038412,-0.3503308,-0.3914173,-0.4121819,-0.316057,-0.1889441,-0.232537,-0.2755286,-0.2196552,-0.1580802,-0.05651446,-0.02170898,-0.06466715,0.03914299,0.2831829,0.4568504,0.2510308,-0.1030943,-0.01920971,0.06175338,-0.1012958,-0.0549663,-0.05653984,-0.1042101,-0.04779923,-0.1187745,-0.1434954,-0.155672,-0.2088396,-0.2304786,-0.3082124,-0.2885783,-0.2806947,-0.3193687,-0.2588702,-0.2537428,-0.2303691,-0.1647703,-0.07120251,0.09756241,0.1162812,0.07212352,0.1252679,0.1716374,0.2699372,0.4223014,0.5054854,0.4845544,0.4252639,0.3520273,0.1498771,-0.08160704,-0.1833068,-0.215085,-0.1203284,-0.01234194,-0.1239558,-0.2711255,-0.313944,-0.2809139,-0.1936657,-0.2028136,-0.3130214,-0.4123416,-0.3986094,-0.2609619,-0.1827536,-0.1759769,-0.1464376,-0.05927323,0.07910119,0.1530875,0.2158458,0.2969473,0.261451,0.1139233,-0.07931863,-0.1602956,-0.03378418,0.08358663,0.04756099,-0.009963537,-0.06050741,-0.1539105,-0.1944292,-0.2160219,-0.2439621,-0.2363878,-0.2784724,-0.2919596,-0.2399381,-0.1895944,-0.09217534,0.00079391,0.03248418,0.02040822,0.03978366,0.1328644,0.2132182,0.28597,0.3587989,0.4442041,0.5759668,0.6525528,0.6632371,0.5748972
4,0.0004272219,-0.0001085349,0.001219615,0.002147539,0.0002041437,-0.0004383981,-0.00170337,-0.001683908,0.001850655,0.00322144,0.002478657,0.001043385,-0.001825813,-0.003655361,-0.003282624,-0.002103002,-0.0013838,0.0004095542,0.002202787,0.002149957,0.002085088,0.0005534388,-0.0002657395,0.0002207191,-0.0007565527,0.000799011,0.001111221,-0.002124701,-0.003423755,-0.002519271,0.0001231816,0.001037494,0.001608456,0.002919838,0.0002171066,-0.001111184,-0.000182659,-0.0004913164,-0.0003253314,-0.0005902486,-0.0003743232,-0.0003812731,-0.000671406,-0.0002200954,-0.001010455,-0.001872908,-0.001378539,0.002503748,0.006392637,0.005797389,0.005443559,0.002579957,-0.002255762,0.0002240124,0.003230666,0.001778932,0.002603781,0.004347768,0.004790317,0.003507549,0.0005059039,0.001253043,0.003094043,0.001858939,0.001680698,0.0006489536,-0.001459158,-0.0003688223,0.001495904,0.001993158,0.0001653945,-0.003366039,-0.004213516,-0.003041547,-0.002830939,-0.002816008,-0.002721041,-0.002345111,-0.001855015,-0.002464808,-0.002413626,-0.001986028,-0.001678442,0.002223983,0.005739897,0.003134074,0.000256711,0.001120864,0.001444739,0.003215753,0.006992226,0.003772301,-0.0003453653,0.002019837,0.00011719,-0.004178748,-0.00398463,-0.003790032,-0.003610308,-0.002909988,-0.002148151,-0.0009185352,0.0006355574,0.002300845,0.0007422148,-0.001436405,-0.0009912396,-0.0004304091,0.002416718,0.00534969,0.002546826,-0.001359927,-0.001475117,-0.0008212936,-0.001226737,-0.001111672,-0.0008533989,-0.0003256244,0.0006477664,0.0005154422,0.0005927047,0.0001438066,-0.002486174,-0.003238528,-0.002011486,-0.002326162,-0.00188442,-0.0008820489
4,-0.001776365,0.0001056099,0.0007087008,-0.0001045079,-0.000864939,-0.0007860344,0.0003235946,0.003034673,0.005463975,0.006819627,0.004465255,-5.85917e-05,0.003376491,0.008046915,0.005937859,0.003609164,0.0006240163,-0.0003654931,-0.001678014,-0.007074506,-0.003062565,0.00387256,0.002192878,0.0008576129,-0.00037357,-0.0006302464,0.001601748,0.0004693591,-0.001504416,-0.003570476,-0.003815367,-0.002066643,-0.003575706,-0.00301144,-0.0007262281,-0.001030488,-0.002568639,-0.005247152,-0.002424043,0.001467517,-0.001398943,-0.002757692,-0.00279043,-0.002268105,0.000395137,-0.001533168,-0.003860936,-0.003083662,-0.003526647,-0.003219416,-0.002475471,-0.002839125,-0.003724256,-0.005515489,-0.006446535,-0.005917611,-0.004202385,-0.002528128,-0.002599651,-0.002785913,-0.003245756,-0.003466262,-0.002054971,-0.001570408,-0.001875326,-0.001749173,-0.001779135,-0.001653655,-0.002236015,-0.004343311,-0.005988574,-0.003270426,0.0006800628,-0.0008927782,-0.00328914,-0.00213448,-0.0001033748,0.001492609,-0.00159027,-0.005903969,-0.003963376,-0.0031538,-0.00560709,-0.004855459,-0.003242655,-0.002044787,-0.001800772,-0.002835114,-0.001971709,-0.001921192,-0.002522067,-0.001482439,-0.001231903,-0.000384396,0.0002431713,0.0008602644,0.003208576,0.002512256,0.00058052,-0.0004033367,-0.002349484,-0.001714366,-0.001223687,-0.003704381,-0.004226342,-0.002365671,-0.0006383945,-0.0006440372,0.0001667043,0.003240975,0.002666411,0.0004309592,-0.0001522007,-0.003170667,-0.004627632,-0.002209702,-0.00101269,-0.0007868188,-0.0007088459,-0.001323265,-0.002476411,-0.003670354,-0.001465936,0.003051681,0.003777583,0.000676243,-0.001542945,-0.0002107788
6,-0.002593279,-0.00137441,-0.003183956,-0.004622113,-0.003843021,-0.004089431,-0.003675774,-0.003366718,-0.003269214,-0.004063414,-0.005462371,-0.004501782,-0.002842306,-0.000368298,0.0001488154,0.0003787803,0.003835033,0.001232118,-0.005708513,-0.009374053,-0.007171133,0.0007586628,0.002743966,0.0006620478,-0.0001496368,-0.004032124,-0.003948423,-0.0034863,-0.004404285,0.002359058,0.004765486,-0.0002820739,-0.001140227,-0.0007692667,-0.0005337567,0.0009642792,0.0004196296,0.0001032494,0.0004834291,-0.001427644,-0.002978172,-0.003282882,-0.004294585,-0.00461721,-0.003361784,-0.001128474,0.001333761,0.001600537,0.0001135775,0.0009370557,0.001653187,0.0008699017,0.0006576482,-0.003342366,-0.005811162,-0.001630854,0.0008495867,0.001415161,0.001449438,0.0007588293,0.001569983,0.0008809918,-0.0006793842,-0.001704005,-0.001879164,-0.0003390308,0.001136055,0.003233169,0.002661795,0.000236163,0.002164973,0.003191222,0.001476892,5.466851e-05,-0.0005336228,0.001703394,0.001985388,0.001008085,0.002114189,0.001179622,0.0004425298,-0.0005712193,-0.001974821,-0.0007293415,-0.001124415,-0.001448035,-0.0005906923,-0.0005433819,0.0006404771,0.0002226838,-0.001031154,-0.001107272,-0.001384919,-0.0009821442,-0.001128639,-0.0007982712,0.001732703,0.003508819,0.002094513,-0.001170325,-0.002529669,-0.002428853,-0.001864434,-0.0006478244,-0.001187078,-0.001485211,-0.0004958978,0.0007655693,0.00392846,0.004539457,0.0002307664,-0.003241097,-0.002889101,-0.0004205429,0.00249634,0.00549639,0.005833754,0.005023504,0.005799354,0.002868453,-0.0006430321,0.0001827213,0.0004908673,0.0009274791,0.00208975,0.002402059,0.003104637,0.002476164
2,-0.04076262,0.07401994,0.1324255,0.1303426,0.02060864,-0.1457153,-0.1317551,-0.09784256,-0.1703687,-0.190974,-0.2339992,-0.3474409,-0.3968681,-0.3355847,-0.256946,-0.2373539,-0.2072941,-0.1973388,-0.2074006,-0.08311938,0.08073322,0.1666408,0.2344685,0.29075,0.3731203,0.4022544,0.126348,-0.2275436,-0.1629343,-0.02361951,-0.140746,-0.1079019,-0.07272942,-0.1555825,-0.09243624,-0.1140143,-0.1502712,-0.1319363,-0.2093626,-0.1945042,-0.2122712,-0.2677161,-0.209677,-0.1755065,-0.1225739,-0.07808504,-0.05038962,0.03572909,0.0969671,0.124243,0.1108139,0.1058131,0.1510075,0.2445812,0.4255477,0.531602,0.4861374,0.381034,0.2602927,0.2481443,0.25404,0.0964765,-0.01829072,-0.002622622,-0.03769661,-0.06216043,-0.04622694,-0.09759193,-0.1241275,-0.1266817,-0.2213949,-0.3011029,-0.2785212,-0.2571008,-0.2732733,-0.2387736,-0.185685,-0.2032887,-0.2048317,-0.1508793,-0.08067211,0.02662983,0.1119817,0.1475202,0.1960582,0.3166753,0.4110573,0.2352112,-0.06721801,-0.1600239,-0.07631378,-0.01740443,-0.0735281,-0.1306549,-0.1414082,-0.141267,-0.07974511,-0.08022539,-0.1240301,-0.1063018,-0.1369829,-0.1530472,-0.1503942,-0.1758286,-0.1757118,-0.1848343,-0.09337767,0.05013796,0.06493803,0.0422481,0.05116751,0.06780829,0.05752882,0.04011902,0.04202539,0.05083447,0.1377709,0.2577901,0.330411,0.3830661,0.4015187,0.3663981,0.3111159,0.2869991,0.2285959,0.1155138,0.02673839,-0.0642219
1,-0.03053709,0.003717263,0.05344884,0.02916576,-0.02012339,-0.02228841,0.04070724,0.1651485,0.2325582,0.2382918,0.2537102,0.1666787,-0.03654796,-0.1126265,0.07383221,0.2790198,0.2435986,0.1283614,0.06007449,-0.06132661,-0.1535375,-0.2011043,-0.2483768,-0.2142714,-0.1921374,-0.222594,-0.2216431,-0.2130185,-0.1848784,-0.1288393,-0.08298357,-0.06905565,-0.06707457,-0.003639195,0.131123,0.2252091,0.1927609,0.2014066,0.3634689,0.4250854,0.2016732,-0.1487113,-0.2752585,-0.1003282,0.04211178,0.031186,-0.06447257,-0.1876857,-0.1933766,-0.188273,-0.2263641,-0.1428141,-0.04897245,-0.0143363,-0.008727195,-0.05067624,-0.03220625,-0.01269668,0.008739122,0.08828317,0.06071243,0.0257041,0.02662787,-0.0246603,0.05279575,0.217866,0.333952,0.3598444,0.1767139,-0.08465176,-0.1486056,0.02106572,0.1756814,0.1476319,0.09480199,0.0727318,-0.004941339,-0.1095609,-0.1986059,-0.2082582,-0.1927358,-0.2409285,-0.2456677,-0.2378153,-0.216762,-0.09073715,-0.0550808,-0.1204237,-0.1650343,-0.1634517,0.09992328,0.4166817,0.3474159,0.1627771,0.1811374,0.2599053,0.3163244,0.1930766,-0.1513247,-0.262903,-0.03045903,0.1403101,0.0185402,-0.1738314,-0.1777893,-0.1624278,-0.1141739,-0.02676115,-0.08630076,-0.1171949,-0.1384127,-0.1521894,-0.06936471,-0.04577134,-0.01166873,0.008252035,0.006298809,0.04867748,0.06058793,0.1260004,0.1517134,0.2002544,0.3845542,0.388436,0.2664284,0.1456024,-0.0693435,-0.1580451
6,0.01320046,0.01682231,0.01730045,0.01754551,0.01758825,0.01858548,0.02006799,0.01918599,0.01669241,0.01607515,0.01741631,0.01871271,0.01744013,0.01559533,0.01723839,0.01739267,0.01472055,0.01438145,0.01777,0.02226405,0.02253795,0.02341973,0.02651196,0.02411428,0.02259706,0.02271129,0.0186498,0.01627021,0.01588738,0.01652243,0.01761602,0.01693854,0.0177284,0.01710283,0.01443639,0.01313921,0.01082731,0.007584255,0.003484302,0.0006816701,0.0009785397,0.001699531,0.003761606,0.006211235,0.008717897,0.01091159,0.008045021,0.003740732,0.003297181,0.003641357,0.001889737,-0.0026419,-0.006893337,-0.004235742,-0.0001562761,-0.002700894,-0.002680982,0.0007160536,0.0001274582,0.0002925095,-0.001288168,-0.005840932,-0.006917868,-0.007356358,-0.007292064,-0.005561931,-0.004782282,-0.005091571,-0.007186407,-0.01020757,-0.01369075,-0.01518374,-0.01372162,-0.01398982,-0.01308834,-0.01082872,-0.01192064,-0.01232816,-0.01145794,-0.01129197,-0.0104408,-0.01048885,-0.01082796,-0.009682807,-0.008983128,-0.009684794,-0.01113484,-0.01246887,-0.0121786,-0.01148968,-0.01236414,-0.01362001,-0.01475682,-0.0147585,-0.01393358,-0.0151729,-0.01589531,-0.01502457,-0.01521296,-0.01487153,-0.01386297,-0.01370042,-0.01579318,-0.01895088,-0.01796338,-0.01589427,-0.0162667,-0.01379145,-0.009460457,-0.007351322,-0.006289082,-0.007987115,-0.01113116,-0.0110514,-0.01464663,-0.0207261,-0.01547418,-0.008961516,-0.01154246,-0.01029179,-0.006282153,-0.006251173,-0.006198145,-0.007964215,-0.01077628,-0.01124531,-0.01045954,-0.008542754
4,0.002124754,0.001367029,-0.001935815,-0.004546458,-0.00362253,0.0006622847,0.002553124,0.001449451,-0.0002943327,-0.001535893,-0.000194026,0.000725736,-9.825099e-05,-0.0007587625,-0.001469862,-0.001310055,-0.0007663251,0.0004063449,0.002404377,0.003092701,0.002390698,0.000209916,-0.001515996,-9.961822e-05,0.002181896,0.003184889,0.002927343,0.0021948,0.00196599,0.001005224,-0.0001559444,-0.000833095,-0.002031755,-0.0006857183,0.003381469,0.005796979,0.003452905,-0.0009082146,-0.0006630011,-0.0009919864,-0.003075029,-0.001664357,-0.002832461,-0.002106878,0.001220587,-0.00159619,-0.002195599,-0.0001368408,-0.0004273108,0.000178528,0.0003801355,0.0009499508,-0.0003351727,-0.002818384,-0.001559776,-0.001347056,-0.001618479,0.001197179,0.00267877,-0.0003636004,-0.004853693,-0.00479457,-0.001265011,0.003037693,0.006751119,0.005333981,0.002576045,0.0007097853,-0.002986974,-0.00236632,-0.0004580438,-0.00233353,-0.0006668434,0.001422152,0.0003979513,-0.0003998045,-0.002379084,-0.001727223,0.0008517655,0.001058226,0.001054335,-0.0008675326,-0.002080895,0.0006625001,0.00346006,0.004396364,0.002465353,0.0001560286,-0.0005405275,-0.000742881,-0.001332916,-0.004743643,-0.00515534,0.003323887,0.009592239,0.001749885,-0.007061518,-0.001944223,0.0002914567,-0.005334845,-0.003890787,-0.0009958833,0.001648475,0.003940066,0.0003873596,-0.001000755,-0.00124478,-0.0006781336,0.002563716,0.0002668726,-0.003063471,-0.004694916,-0.005011976,-0.001628981,-0.001303273,-0.001892069,-0.001230116,-0.002000603,0.0002764308,0.006472002,0.01186552,0.006029273,-0.002707686,0.002431737,0.003739358,-0.004632748,-0.006627367,-0.00469396
4,-0.002922505,-0.003968032,-0.0002276113,0.00269245,0.0001282006,-0.002072297,0.001017566,0.002736893,0.001303724,0.001691278,0.001952525,0.001554667,0.001693455,0.000830706,-7.781318e-05,-0.0005739341,-0.001106113,-0.001147203,-0.0008518541,-0.0009411213,-0.001109326,-0.0006561289,8.240536e-05,0.001530113,0.002340402,0.001264942,-1.938543e-06,-0.001300291,-0.001125324,0.0004760346,0.000711735,0.001342255,0.001522927,-0.001759112,-0.004834959,-0.004051588,-0.002510906,-0.001918028,0.001242858,0.002800581,-0.0005314607,-0.001497214,-0.0004432061,0.0001194573,0.001606863,0.001829854,0.002529815,0.003594843,0.001715028,3.360061e-05,-6.748699e-05,-0.001104018,-0.001238008,-0.0004449383,-0.001632092,-0.0001426417,0.004996946,0.005967811,-1.840006e-05,-0.005741211,-0.00224024,0.001355655,-0.001800945,-0.0007299789,0.001817151,0.001708216,0.002183565,-0.0001697082,-0.001532256,-0.0003674826,-3.233949e-05,0.0007152267,-0.00025962,-0.0008431851,0.002350718,0.005984927,0.005828213,0.0001661193,-0.004691066,-0.003492312,-0.001863744,-0.002998222,-0.001358062,0.002100326,0.001968864,0.001824434,0.002483636,0.003303936,0.004451704,-0.0005821342,-0.005193683,-0.0002193876,0.003953543,0.001439308,9.881993e-05,0.001029834,0.0002544386,0.001212526,0.002042209,-0.001283582,-0.002939429,-0.001615723,-0.0005754368,-0.001794295,-0.002658345,0.0008349326,0.003880321,0.005201205,0.005776283,0.003256609,0.0004596083,-0.0004117855,-0.0009148043,-0.001788629,-0.001793537,-0.002437037,-0.002793545,-0.0001145123,0.000855633,0.001009944,0.002065834,0.0009282242,-0.001018651,-0.003158578,-0.002127462,-6.5808e-05,-0.001624346,-0.001374934
4,0.0002403879,-0.002001851,-0.002104302,-0.000162341,0.00132367,0.001153696,0.002020932,0.004143604,0.002131458,-0.001477506,-0.002297065,-5.506608e-05,0.004196831,0.004951712,0.0005496645,-0.00384584,-0.004580404,-0.003988453,-0.005323623,-0.004402263,0.0008621074,0.004068704,0.0009632902,-0.00359186,-0.002624121,-0.001208215,-0.002244995,-0.0004556559,-0.0007349406,-0.002832657,-0.002737067,-0.003268748,-0.001320575,0.0002812348,0.0003072738,0.003438266,0.003814868,0.002537413,0.00332868,0.002440083,0.002095138,0.002457264,0.0006376648,-0.000936294,-0.0003670387,-0.0002702438,-0.002316835,-0.003775256,-0.003822405,-0.004134896,-0.005481154,-0.006197458,-0.002288047,0.002242435,0.0001992897,-0.00371378,-0.005396423,-0.006655123,-0.005628953,-0.004520621,-0.002912045,0.00146644,0.001063311,-0.0005219354,0.001347082,0.0003214696,-5.461959e-05,-0.001001229,-0.005003307,-0.005039544,-0.002882158,-0.001054984,0.001238064,0.004172896,0.005621144,0.001312648,-0.003241837,-0.004695209,-0.005188094,-0.004138164,-0.003607572,-0.002313443,-0.000207956,0.002306745,0.006521892,0.004907273,-0.001633496,-0.004886746,-0.005050993,-0.00300106,-0.002331206,-0.002809539,-0.001993339,-0.004044285,-0.004390176,-0.0001063746,0.001681889,-0.001000307,-0.003850605,-0.001134168,0.001549873,-0.001093051,-0.003108161,-0.0061261,-0.007089158,-0.0007148277,0.003317654,0.001780639,0.0009027476,0.001849067,0.001251267,0.0002789785,0.0007067936,-0.003146618,-0.006380672,-0.002159406,0.001206418,0.002445608,0.00469055,0.001990399,-0.002801207,-0.0008056685,0.001967593,0.002561045,0.005665962,0.003514507,-0.0006166988,0.001044937
6,-0.007676804,-0.006580926,-0.003842371,-0.006094625,-0.008237636,-0.008728798,-0.01004876,-0.00676618,-0.002465839,-0.005147957,-0.00745338,-0.004183428,-0.003940251,-0.007264885,-0.009800823,-0.01061827,-0.007443213,-0.004723762,-0.004161954,-0.003294544,-0.004865668,-0.006126184,-0.004422705,-0.003515106,-0.005425373,-0.007711778,-0.006461739,-0.002212885,0.001470507,0.0005157248,-0.003258417,-0.004501288,-0.00397629,4.94268e-05,0.004643627,0.00289578,0.001018775,0.0005748593,-0.0008098346,0.002812464,0.005996758,0.0006052317,-0.004709384,-0.003857247,-0.003536296,-0.004622246,-0.003378265,-0.001957168,0.001187453,0.004399279,0.0008974985,-0.001737021,0.003060655,0.007999507,0.009963592,0.008972767,0.004776544,0.00271723,0.004269838,0.004403507,0.003608837,0.004312539,0.004198133,0.003373659,0.001706346,-3.283713e-05,0.004121355,0.008894491,0.005959621,0.003325217,0.004621909,0.004086058,0.004379606,0.007169271,0.008782426,0.00839873,0.006633789,0.00546276,0.004373439,0.003275136,0.003901689,0.002635379,-3.143663e-05,-0.0008447462,-0.0004068174,0.00237877,0.006979756,0.009830253,0.006648427,0.002544731,0.003706114,0.001749795,-0.001292672,0.001087694,0.002165392,0.002783866,0.003771549,0.003816412,0.006045563,0.005404917,0.002530548,0.002341911,0.001642776,0.000440267,-0.0009924942,-0.001028839,0.001821764,0.003020782,0.003190928,0.002223106,0.0001454432,0.001024487,0.001761332,0.001349627,0.001334708,0.001075524,0.001355322,0.0009833413,0.0009577258,0.001150151,0.00064668,0.001345497,0.002509867,0.003915267,0.003450813,0.0007879729,-0.000605274,-0.001345469
4,-0.0004066691,0.0001821672,0.002308836,0.001422735,-0.0007879671,-0.001034393,0.0004651342,0.00358375,0.005216,0.004832132,0.001679983,-0.003134649,-0.003251947,-0.004231338,-0.007729357,-0.002301019,0.003530509,0.0005136612,-0.002572131,-0.00423089,-0.002830678,0.001061834,7.997732e-05,-0.001359124,-0.001179521,-0.002725647,-0.003642654,-0.004303463,-0.004599798,-0.005592956,-0.008533207,-0.007748188,-0.002844953,0.001655131,0.002692298,0.0005229814,-0.0002480588,-0.001148482,-0.002810852,-0.004883661,-0.00863161,-0.004490516,0.002851268,0.003022355,0.005274993,0.003005986,-0.00582962,-0.004130299,-0.00104793,-0.002167426,0.0007421802,0.0001286923,-0.001694218,-0.0004465311,-0.001732674,-0.002240603,-0.001064388,-0.0003784734,-0.0003687528,-0.001124906,-0.001366757,-0.003021329,-0.003516419,-0.001026693,2.274987e-05,-0.0002560309,-0.0005881501,-0.0002934674,-8.326279e-05,-0.0005403929,-5.215546e-05,-0.0001954703,-0.0003381723,8.180525e-05,0.0002379443,0.002478257,0.004085941,0.002473843,0.001291059,0.001363981,0.0004675264,-0.0003452398,0.0001940101,0.0001562063,-0.0003671865,-0.001524609,-0.003095486,-0.001711319,0.0003922441,0.0002932159,0.0002999577,0.001153048,0.001697065,0.0004938837,-0.001834556,-0.00217582,-0.0008069146,-0.001154585,-0.003250865,-0.003407284,0.0005191138,0.004478074,0.002686417,0.0002986468,0.001739727,-0.0006120565,-0.003963309,-0.001461435,0.001613931,0.003694032,0.003517274,0.0001324239,-0.001309931,-0.001050583,0.0005399157,0.001274087,-0.0004636663,0.0009200078,0.002089125,0.0005149044,-0.0001977441,-0.0002063425,0.001072427,0.0003847371,-0.000277007,0.001176787,-7.6377e-05,-8.138371e-05
3,-0.1183343,-0.2865156,-0.1524495,-0.08269119,-0.07676357,0.03688892,-0.01521527,-0.006999502,0.01713622,-0.02170784,0.02581648,0.02190825,0.05435657,0.0808347,0.01914061,-0.02304351,-0.1008909,-0.1609507,-0.2414283,-0.3180057,-0.2458378,-0.2248703,-0.2705294,-0.2430831,-0.2064864,-0.137218,-0.09576721,-0.1429343,-0.1717801,-0.1628009,-0.01026781,0.3276517,0.520997,0.4800635,0.5160612,0.5810189,0.416956,0.1153705,-0.1132792,-0.06217843,0.07514548,-0.07097931,-0.1670672,-0.1497814,-0.1941704,-0.09312828,-0.110408,-0.1807926,-0.1187719,-0.1867221,-0.1563773,-0.1146664,-0.1850754,-0.1706499,-0.2338928,-0.2376005,-0.1985691,-0.246212,-0.2170328,-0.2474526,-0.3033649,-0.2997994,-0.2839902,-0.19408,-0.1263906,-0.0819481,0.03479433,0.2745985,0.4582396,0.3140124,0.2302178,0.4765962,0.5647338,0.2605346,-0.06983836,-0.04703804,0.137299,0.1239302,-0.02773098,-0.2015959,-0.2181085,-0.1062149,-0.1232776,-0.0713604,0.01849082,-0.03656551,-0.06380825,-0.1488763,-0.2531001,-0.2926061,-0.3584858,-0.3272299,-0.2288583,-0.1300337,-0.1215915,-0.2013115,-0.1850925,-0.2317245,-0.154874,0.3362746,0.7458928,0.7163394,0.6684413,0.834372,0.6058471,0.1415885,0.1090911,0.08135728,-0.06051608,-0.1663137,-0.2561373,-0.1462984,-0.1555001,-0.2131199,-0.2006254,-0.3089842,-0.2682094,-0.2272333,-0.248141,-0.2190632,-0.2835274,-0.2864153,-0.2857031,-0.2684122,-0.1536073,-0.1335995,-0.1258554,-0.002654156
4,0.005852148,0.003180706,-0.002326168,-0.009769448,-0.00787362,-0.00331977,-0.005067303,-0.004410414,-0.003547348,-0.003447634,-9.716734e-05,0.001122548,0.001596873,-0.0009815435,-0.005953392,-0.0003736589,0.00457932,-0.001895679,-0.004911812,-0.002667763,-0.002860066,-0.003722206,-0.003783327,-0.00341933,-0.001448957,0.0006074995,-0.0006262361,-0.001788974,-0.001479963,-0.00212844,-0.001617167,-0.001548706,-0.002089838,-0.001576833,-0.002904489,-0.004335285,-0.004426602,-0.003513932,-0.001599974,-0.001236062,-0.000837338,-3.167742e-05,-0.001038318,-0.001938306,-0.001575454,-0.001252487,-0.001438378,-0.0005899135,0.0002385811,-0.0009682885,-0.001748814,-0.001310758,-0.00153109,-0.002961226,-0.003898431,-0.003156171,-0.00273184,-0.001711122,0.0004397075,-4.007086e-06,-0.002626572,-0.004085078,-0.002196419,0.001220274,0.001649291,0.0008763108,-0.001138474,-0.005030308,-0.003349903,0.001196065,0.002327897,0.002404398,0.0008325015,0.0004694807,0.002139984,0.001954908,0.00154903,0.0005380404,0.0009283262,0.00347896,0.004909122,0.006599628,0.006223877,0.002889187,-0.001645293,-0.004420258,-0.001039355,0.001066746,0.0003713427,0.00374378,0.007408417,0.007792552,0.003752826,-0.0003344418,0.003047692,0.006914207,0.004761989,0.00230022,0.002226951,0.001537647,-0.002949226,-0.008544818,-0.007950698,-0.004272148,-0.001726943,0.001908326,-1.095404e-05,-0.004732196,-0.002005354,0.001788401,0.004252485,0.004893503,0.00223031,0.003102878,0.002633737,0.0009326952,0.001977272,-0.001534359,-0.003212665,-0.002104627,-0.004068762,-0.00323917,-0.002010111,-0.0007543677,0.00322641,0.006695283,0.007795236,0.003068742
2,0.03458997,-0.01388177,-0.04497506,-0.1236791,-0.2176623,-0.1909541,-0.1714496,-0.2238336,-0.2444811,-0.2244798,-0.2160231,-0.2000067,-0.160768,-0.1358545,-0.1233041,-0.0796427,0.02613829,0.1038424,0.1394495,0.2240355,0.2566977,0.2742422,0.4510502,0.5744021,0.2361634,-0.36812,-0.5015572,-0.154523,0.08160477,0.06634458,-0.04516172,-0.1200037,-0.1715225,-0.2011763,-0.17419,-0.174489,-0.1370032,-0.1093307,-0.1737748,-0.1935121,-0.1791166,-0.1461997,-0.09926474,-0.06895804,-0.02324364,0.02692881,0.1106308,0.1546867,0.1437398,0.2286086,0.3463592,0.3603772,0.3255754,0.3534203,0.3925398,0.3590901,0.200761,-0.02616407,-0.02614813,0.05839891,-0.00218697,0.05063644,0.08277217,-0.0171536,-0.05676755,-0.1212909,-0.1041469,-0.05230637,-0.1667427,-0.2529593,-0.2839262,-0.2676752,-0.1988887,-0.1738348,-0.09467586,-0.06547841,-0.1088142,-0.0663902,-0.05377039,-0.03454515,0.06087094,0.1238396,0.1525384,0.2507152,0.4214794,0.40415,0.2984958,0.3145346,0.1826127,0.01026409,-0.05708283,-0.0843627,0.01443515,-0.02323325,-0.07857421,0.008616688,-0.06577638,-0.1038066,-0.1353587,-0.2087427,-0.121939,-0.1449432,-0.1873309,-0.1822076,-0.2263306,-0.1281952,-0.06492319,-0.05718207,0.01763241,0.05943792,0.09688136,0.1151311,0.1539425,0.231985,0.3009568,0.3727691,0.3962992,0.340223,0.1667724,0.01950185,0.05790437,0.08704582,0.005339525,-0.0641082,-0.09098566,-0.1215161,-0.1745054,-0.2258221
4,0.02748742,0.02859281,0.02935739,0.03308064,0.0323106,0.04505234,0.06137907,0.05620148,0.03503181,0.01703681,0.02262566,0.03599436,0.03460083,0.02535524,0.01384123,0.01842557,0.03152277,0.02647145,0.01727586,0.009444524,0.008927573,0.01604184,0.01237326,0.0184731,0.02738163,0.01952509,0.01832002,0.01273596,-0.001745883,-0.004157355,-0.001432888,0.003105134,0.005936909,-0.001077356,-0.008817153,-0.005232549,0.003859906,0.008012902,0.007926295,0.002159378,-0.003654496,-0.006341004,-0.007425325,-0.004179526,-0.007414693,-0.01106315,-0.01001013,-0.01330665,-0.01183897,-0.01221415,-0.014552,-0.01552075,-0.03460884,-0.04636108,-0.01675207,0.0140792,0.002003513,-0.01200964,-0.004817204,-0.01584828,-0.02122212,-0.008983375,-0.009055362,-0.004313989,-0.001891134,-0.003942184,-0.0004026291,-0.009960881,-0.01629389,-0.01344455,-0.01380033,-0.01414432,-0.01225588,-0.004605036,-0.002271977,-0.001955219,0.0005239648,-0.005738119,-0.01429003,-0.02229413,-0.01972101,-0.001347868,0.01270952,0.01021583,0.000913049,-0.006556517,-0.02179196,-0.02241576,-0.003241759,-0.003007192,-0.007752925,-0.01173227,-0.01912122,-0.009975012,-0.00289141,0.001336665,0.002635526,-0.006618056,-0.005072434,-0.002616176,-0.001512086,-0.0001657935,-0.006294891,-0.003814676,-0.0012374,-0.0005306821,0.001696043,-0.002290448,-0.0006046027,-3.364322e-06,-0.0006297666,0.003424042,0.0019815,0.001487599,-9.088785e-05,-0.002487457,-0.0002103154,-0.001125219,-0.001755473,-0.001262151,0.000379889,0.003541844,0.0008809056,-0.001222898,0.0006550833,0.001273767,0.001355256,-0.0001481915
